"","date","value"
"1",2007-10-16,NA
"2",2007-10-17,NA
"3",2007-10-18,NA
"4",2007-10-19,NA
"5",2007-10-20,NA
"6",2007-10-21,NA
"7",2007-10-22,NA
"8",2007-10-23,NA
"9",2007-10-24,27.15
"10",2007-10-25,22.85
"11",2007-10-26,25.2
"12",2007-10-27,22.3
"13",2007-10-28,23.35
"14",2007-10-29,21.4
"15",2007-10-30,21.35
"16",2007-10-31,16.3
"17",2007-11-01,14.95
"18",2007-11-02,20.65
"19",2007-11-03,19.35
"20",2007-11-04,18.65
"21",2007-11-05,21.8
"22",2007-11-06,21.95
"23",2007-11-07,26.4
"24",2007-11-08,24
"25",2007-11-09,16.9
"26",2007-11-10,15.45
"27",2007-11-11,15.45
"28",2007-11-12,18.25
"29",2007-11-13,17.05
"30",2007-11-14,13.75
"31",2007-11-15,15.25
"32",2007-11-16,20.3
"33",2007-11-17,25.55
"34",2007-11-18,24.5
"35",2007-11-19,24.7
"36",2007-11-20,24.3
"37",2007-11-21,26.85
"38",2007-11-22,24.95
"39",2007-11-23,17.15
"40",2007-11-24,19.1
"41",2007-11-25,22.1
"42",2007-11-26,24.1
"43",2007-11-27,21.25
"44",2007-11-28,22.75
"45",2007-11-29,26.85
"46",2007-11-30,27.05
"47",2007-12-01,20.8
"48",2007-12-02,20.3
"49",2007-12-03,24.4
"50",2007-12-04,18.95
"51",2007-12-05,19.85
"52",2007-12-06,22.4
"53",2007-12-07,18.85
"54",2007-12-08,21.7
"55",2007-12-09,23
"56",2007-12-10,20.4
"57",2007-12-11,21.8
"58",2007-12-12,24.55
"59",2007-12-13,26.7
"60",2007-12-14,19.05
"61",2007-12-15,21.25
"62",2007-12-16,22.65
"63",2007-12-17,24.4
"64",2007-12-18,26.2
"65",2007-12-19,28.15
"66",2007-12-20,28.65
"67",2007-12-21,29.35
"68",2007-12-22,27.25
"69",2007-12-23,26.45
"70",2007-12-24,25.55
"71",2007-12-25,22.25
"72",2007-12-26,19.95
"73",2007-12-27,21.15
"74",2007-12-28,21.7
"75",2007-12-29,23.4
"76",2007-12-30,26.45
"77",2007-12-31,24.6
"78",2008-01-01,26.7
"79",2008-01-02,24.7
"80",2008-01-03,26.25
"81",2008-01-04,24.7
"82",2008-01-05,26.75
"83",2008-01-06,28.35
"84",2008-01-07,26.75
"85",2008-01-08,30.3
"86",2008-01-09,29.2
"87",2008-01-10,22.2
"88",2008-01-11,20.55
"89",2008-01-12,23.3
"90",2008-01-13,26.1
"91",2008-01-14,27.75
"92",2008-01-15,28.9
"93",2008-01-16,24.1
"94",2008-01-17,24.3
"95",2008-01-18,23.35
"96",2008-01-19,24.5
"97",2008-01-20,24.85
"98",2008-01-21,25.4
"99",2008-01-22,20.1
"100",2008-01-23,20.9
"101",2008-01-24,21.3
"102",2008-01-25,19.55
"103",2008-01-26,21.5
"104",2008-01-27,21.5
"105",2008-01-28,22.5
"106",2008-01-29,21.55
"107",2008-01-30,20.8
"108",2008-01-31,20.7
"109",2008-02-01,21.75
"110",2008-02-02,23.9
"111",2008-02-03,25.7
"112",2008-02-04,25.05
"113",2008-02-05,26.9
"114",2008-02-06,22.95
"115",2008-02-07,18.2
"116",2008-02-08,17.4
"117",2008-02-09,19.85
"118",2008-02-10,18.6
"119",2008-02-11,19.65
"120",2008-02-12,21
"121",2008-02-13,22.4
"122",2008-02-14,25.1
"123",2008-02-15,23.6
"124",2008-02-16,23.9
"125",2008-02-17,25.7
"126",2008-02-18,22.85
"127",2008-02-19,23.9
"128",2008-02-20,23.25
"129",2008-02-21,21.1
"130",2008-02-22,22.3
"131",2008-02-23,22.35
"132",2008-02-24,21.7
"133",2008-02-25,20.8
"134",2008-02-26,21
"135",2008-02-27,22.2
"136",2008-02-28,23.5
"137",2008-02-29,22.95
"138",2008-03-01,22.35
"139",2008-03-02,23.35
"140",2008-03-03,21.9
"141",2008-03-04,21.2
"142",2008-03-05,22.4
"143",2008-03-06,19.55
"144",2008-03-07,18.9
"145",2008-03-08,21.4
"146",2008-03-09,18.65
"147",2008-03-10,18.3
"148",2008-03-11,19.4
"149",2008-03-12,20.2
"150",2008-03-13,20.8
"151",2008-03-14,21.15
"152",2008-03-15,21
"153",2008-03-16,21.9
"154",2008-03-17,21.4
"155",2008-03-18,20.4
"156",2008-03-19,23.85
"157",2008-03-20,24
"158",2008-03-21,25.05
"159",2008-03-22,17.05
"160",2008-03-23,18.15
"161",2008-03-24,20.2
"162",2008-03-25,23.3
"163",2008-03-26,23.75
"164",2008-03-27,21.6
"165",2008-03-28,17.1
"166",2008-03-29,15.5
"167",2008-03-30,19
"168",2008-03-31,19.75
"169",2008-04-01,19.35
"170",2008-04-02,17.35
"171",2008-04-03,18.2
"172",2008-04-04,19.95
"173",2008-04-05,19.8
"174",2008-04-06,21.5
"175",2008-04-07,15.95
"176",2008-04-08,16.5
"177",2008-04-09,19.95
"178",2008-04-10,20.9
"179",2008-04-11,13.15
"180",2008-04-12,12.75
"181",2008-04-13,8.4
"182",2008-04-14,8.6
"183",2008-04-15,10.75
"184",2008-04-16,14.8
"185",2008-04-17,16.55
"186",2008-04-18,19
"187",2008-04-19,18.8
"188",2008-04-20,17.6
"189",2008-04-21,20.85
"190",2008-04-22,19.55
"191",2008-04-23,19.1
"192",2008-04-24,19.85
"193",2008-04-25,21.6
"194",2008-04-26,18.95
"195",2008-04-27,19.65
"196",2008-04-28,13.95
"197",2008-04-29,11.8
"198",2008-04-30,12.1
"199",2008-05-01,12.8
"200",2008-05-02,11.8
"201",2008-05-03,12
"202",2008-05-04,13.7
"203",2008-05-05,14
"204",2008-05-06,16.1
"205",2008-05-07,14.85
"206",2008-05-08,13.55
"207",2008-05-09,15.05
"208",2008-05-10,15.45
"209",2008-05-11,13.75
"210",2008-05-12,16.05
"211",2008-05-13,16.5
"212",2008-05-14,17.3
"213",2008-05-15,17.3
"214",2008-05-16,16.35
"215",2008-05-17,20.15
"216",2008-05-18,21.2
"217",2008-05-19,20.8
"218",2008-05-20,20.05
"219",2008-05-21,19.65
"220",2008-05-22,18.9
"221",2008-05-23,17.3
"222",2008-05-24,12.7
"223",2008-05-25,10.95
"224",2008-05-26,11.2
"225",2008-05-27,10.65
"226",2008-05-28,3.4
"227",2008-05-29,3.7
"228",2008-05-30,4.15
"229",2008-05-31,6.7
"230",2008-06-01,7.3
"231",2008-06-02,9.65
"232",2008-06-03,10
"233",2008-06-04,9.1
"234",2008-06-05,11.55
"235",2008-06-06,10.55
"236",2008-06-07,12.9
"237",2008-06-08,13.05
"238",2008-06-09,6.95
"239",2008-06-10,8.3
"240",2008-06-11,11.4
"241",2008-06-12,9.35
"242",2008-06-13,10.35
"243",2008-06-14,12.4
"244",2008-06-15,7.55
"245",2008-06-16,9.4
"246",2008-06-17,12.5
"247",2008-06-18,6.6
"248",2008-06-19,8.1
"249",2008-06-20,5.6
"250",2008-06-21,5.1
"251",2008-06-22,3.5
"252",2008-06-23,6.55
"253",2008-06-24,7.4
"254",2008-06-25,7.45
"255",2008-06-26,8.9
"256",2008-06-27,11.3
"257",2008-06-28,16.15
"258",2008-06-29,15.85
"259",2008-06-30,13.85
"260",2008-07-01,8.2
"261",2008-07-02,8.25
"262",2008-07-03,9.25
"263",2008-07-04,12.15
"264",2008-07-05,10.75
"265",2008-07-06,10.1
"266",2008-07-07,9.6
"267",2008-07-08,11.1
"268",2008-07-09,12.55
"269",2008-07-10,12.65
"270",2008-07-11,14.5
"271",2008-07-12,17.2
"272",2008-07-13,14.15
"273",2008-07-14,16.05
"274",2008-07-15,19.25
"275",2008-07-16,19.45
"276",2008-07-17,13.35
"277",2008-07-18,10.9
"278",2008-07-19,6.15
"279",2008-07-20,9.1
"280",2008-07-21,5.5
"281",2008-07-22,7.95
"282",2008-07-23,8.95
"283",2008-07-24,7.95
"284",2008-07-25,11.6
"285",2008-07-26,12.1
"286",2008-07-27,10.65
"287",2008-07-28,11.35
"288",2008-07-29,13.55
"289",2008-07-30,10.85
"290",2008-07-31,12.15
"291",2008-08-01,10.8
"292",2008-08-02,10.35
"293",2008-08-03,8.35
"294",2008-08-04,10.6
"295",2008-08-05,7.7
"296",2008-08-06,14.5
"297",2008-08-07,9.9
"298",2008-08-08,10.1
"299",2008-08-09,12
"300",2008-08-10,16.8
"301",2008-08-11,16.35
"302",2008-08-12,10.25
"303",2008-08-13,10.3
"304",2008-08-14,9.15
"305",2008-08-15,12.2
"306",2008-08-16,11.55
"307",2008-08-17,9.45
"308",2008-08-18,10.35
"309",2008-08-19,11.35
"310",2008-08-20,9.8
"311",2008-08-21,9.75
"312",2008-08-22,11.05
"313",2008-08-23,12.6
"314",2008-08-24,15.05
"315",2008-08-25,19.1
"316",2008-08-26,23.35
"317",2008-08-27,13.15
"318",2008-08-28,10
"319",2008-08-29,6.9
"320",2008-08-30,18
"321",2008-08-31,18.25
"322",2008-09-01,22.4
"323",2008-09-02,14.9
"324",2008-09-03,11.8
"325",2008-09-04,10.25
"326",2008-09-05,7
"327",2008-09-06,8.75
"328",2008-09-07,11.65
"329",2008-09-08,15.25
"330",2008-09-09,15.8
"331",2008-09-10,16.1
"332",2008-09-11,12.9
"333",2008-09-12,11.9
"334",2008-09-13,11.25
"335",2008-09-14,14.7
"336",2008-09-15,16.5
"337",2008-09-16,17.45
"338",2008-09-17,17.25
"339",2008-09-18,13.25
"340",2008-09-19,7.6
"341",2008-09-20,9.4
"342",2008-09-21,12.65
"343",2008-09-22,16.05
"344",2008-09-23,17.75
"345",2008-09-24,19.45
"346",2008-09-25,20.35
"347",2008-09-26,20.1
"348",2008-09-27,17.35
"349",2008-09-28,14.2
"350",2008-09-29,16.8
"351",2008-09-30,15.6
"352",2008-10-01,15.55
"353",2008-10-02,15.75
"354",2008-10-03,13.5
"355",2008-10-04,13.85
"356",2008-10-05,13.4
"357",2008-10-06,19.25
"358",2008-10-07,18.4
"359",2008-10-08,20.65
"360",2008-10-09,19.8
"361",2008-10-10,21.5
"362",2008-10-11,23.1
"363",2008-10-12,18.7
"364",2008-10-13,16.2
"365",2008-10-14,16.9
"366",2008-10-15,15.55
"367",2008-10-16,15.75
"368",2008-10-17,18.95
"369",2008-10-18,20.7
"370",2008-10-19,22.4
"371",2008-10-20,24.1
"372",2008-10-21,21.2
"373",2008-10-22,18.9
"374",2008-10-23,21.1
"375",2008-10-24,21.2
"376",2008-10-25,18.45
"377",2008-10-26,18.05
"378",2008-10-27,22
"379",2008-10-28,17.9
"380",2008-10-29,18.45
"381",2008-10-30,17.9
"382",2008-10-31,21.5
"383",2008-11-01,23.35
"384",2008-11-02,20.35
"385",2008-11-03,22.9
"386",2008-11-04,22.55
"387",2008-11-05,22.4
"388",2008-11-06,22.1
"389",2008-11-07,24.2
"390",2008-11-08,25.85
"391",2008-11-09,22.4
"392",2008-11-10,21.7
"393",2008-11-11,22.15
"394",2008-11-12,21.6
"395",2008-11-13,23.4
"396",2008-11-14,24
"397",2008-11-15,14.4
"398",2008-11-16,15.75
"399",2008-11-17,20.55
"400",2008-11-18,22.5
"401",2008-11-19,23.45
"402",2008-11-20,24.6
"403",2008-11-21,24.5
"404",2008-11-22,25.8
"405",2008-11-23,27.9
"406",2008-11-24,24.6
"407",2008-11-25,24.25
"408",2008-11-26,24
"409",2008-11-27,26.7
"410",2008-11-28,22.1
"411",2008-11-29,18.35
"412",2008-11-30,20.9
"413",2008-12-01,20.3
"414",2008-12-02,18.6
"415",2008-12-03,18.9
"416",2008-12-04,22.05
"417",2008-12-05,22.4
"418",2008-12-06,21.55
"419",2008-12-07,24.8
"420",2008-12-08,25.95
"421",2008-12-09,22.3
"422",2008-12-10,20.3
"423",2008-12-11,21.35
"424",2008-12-12,19.55
"425",2008-12-13,22
"426",2008-12-14,22.85
"427",2008-12-15,24.3
"428",2008-12-16,26
"429",2008-12-17,24.2
"430",2008-12-18,21.7
"431",2008-12-19,22
"432",2008-12-20,26.45
"433",2008-12-21,24
"434",2008-12-22,20.65
"435",2008-12-23,21.65
"436",2008-12-24,24.15
"437",2008-12-25,24.6
"438",2008-12-26,23.1
"439",2008-12-27,22.75
"440",2008-12-28,22.25
"441",2008-12-29,24.5
"442",2008-12-30,25.6
"443",2008-12-31,22.7
"444",2009-01-01,18.1
"445",2009-01-02,18.9
"446",2009-01-03,19.25
"447",2009-01-04,22.15
"448",2009-01-05,24.6
"449",2009-01-06,22.6
"450",2009-01-07,20.9
"451",2009-01-08,21.65
"452",2009-01-09,21.35
"453",2009-01-10,23.65
"454",2009-01-11,23.4
"455",2009-01-12,20.55
"456",2009-01-13,22.75
"457",2009-01-14,25.15
"458",2009-01-15,23.3
"459",2009-01-16,24.2
"460",2009-01-17,22.05
"461",2009-01-18,19.4
"462",2009-01-19,22.05
"463",2009-01-20,23.4
"464",2009-01-21,24.75
"465",2009-01-22,25
"466",2009-01-23,26.45
"467",2009-01-24,28.7
"468",2009-01-25,21.4
"469",2009-01-26,22.6
"470",2009-01-27,19.95
"471",2009-01-28,21.3
"472",2009-01-29,25.1
"473",2009-01-30,26.15
"474",2009-01-31,22.35
"475",2009-02-01,22.25
"476",2009-02-02,23.8
"477",2009-02-03,23.6
"478",2009-02-04,25.35
"479",2009-02-05,24.2
"480",2009-02-06,22.15
"481",2009-02-07,22
"482",2009-02-08,23.85
"483",2009-02-09,23.75
"484",2009-02-10,22.4
"485",2009-02-11,22.5
"486",2009-02-12,22.7
"487",2009-02-13,26.45
"488",2009-02-14,25
"489",2009-02-15,25.6
"490",2009-02-16,25.25
"491",2009-02-17,26.75
"492",2009-02-18,27.25
"493",2009-02-19,28.6
"494",2009-02-20,21.05
"495",2009-02-21,15.85
"496",2009-02-22,18.1
"497",2009-02-23,20.4
"498",2009-02-24,23.1
"499",2009-02-25,23.3
"500",2009-02-26,23.6
"501",2009-02-27,23.65
"502",2009-02-28,23.8
"503",2009-03-01,24
"504",2009-03-02,25.75
"505",2009-03-03,18.55
"506",2009-03-04,21.75
"507",2009-03-05,21.05
"508",2009-03-06,23.25
"509",2009-03-07,22
"510",2009-03-08,20.95
"511",2009-03-09,19.8
"512",2009-03-10,21.2
"513",2009-03-11,21.95
"514",2009-03-12,22.4
"515",2009-03-13,25.4
"516",2009-03-14,26.55
"517",2009-03-15,23.75
"518",2009-03-16,22.8
"519",2009-03-17,21.45
"520",2009-03-18,21.8
"521",2009-03-19,22.6
"522",2009-03-20,23.25
"523",2009-03-21,23.95
"524",2009-03-22,24.55
"525",2009-03-23,20
"526",2009-03-24,22.3
"527",2009-03-25,23.05
"528",2009-03-26,21.8
"529",2009-03-27,24.15
"530",2009-03-28,25.05
"531",2009-03-29,26
"532",2009-03-30,22.6
"533",2009-03-31,19.9
"534",2009-04-01,15.75
"535",2009-04-02,21.15
"536",2009-04-03,24.05
"537",2009-04-04,19.35
"538",2009-04-05,19.35
"539",2009-04-06,22.7
"540",2009-04-07,21.8
"541",2009-04-08,20.9
"542",2009-04-09,23.3
"543",2009-04-10,23.8
"544",2009-04-11,24.6
"545",2009-04-12,24.3
"546",2009-04-13,24
"547",2009-04-14,20.95
"548",2009-04-15,22.25
"549",2009-04-16,23.7
"550",2009-04-17,24
"551",2009-04-18,20.85
"552",2009-04-19,19.4
"553",2009-04-20,16.05
"554",2009-04-21,17.2
"555",2009-04-22,18.05
"556",2009-04-23,19.7
"557",2009-04-24,16.25
"558",2009-04-25,19.25
"559",2009-04-26,17.9
"560",2009-04-27,20.55
"561",2009-04-28,21.4
"562",2009-04-29,21.1
"563",2009-04-30,20.9
"564",2009-05-01,21.65
"565",2009-05-02,21.05
"566",2009-05-03,20.85
"567",2009-05-04,12.1
"568",2009-05-05,12.95
"569",2009-05-06,12.55
"570",2009-05-07,14.8
"571",2009-05-08,15.8
"572",2009-05-09,19.7
"573",2009-05-10,18.4
"574",2009-05-11,13.5
"575",2009-05-12,10.1
"576",2009-05-13,9
"577",2009-05-14,9.3
"578",2009-05-15,9.55
"579",2009-05-16,13.15
"580",2009-05-17,15.95
"581",2009-05-18,10.2
"582",2009-05-19,13.25
"583",2009-05-20,16.15
"584",2009-05-21,18.45
"585",2009-05-22,20.55
"586",2009-05-23,19.5
"587",2009-05-24,18.3
"588",2009-05-25,11.6
"589",2009-05-26,11.3
"590",2009-05-27,11.3
"591",2009-05-28,10.85
"592",2009-05-29,8.65
"593",2009-05-30,9.85
"594",2009-05-31,10.65
"595",2009-06-01,10.7
"596",2009-06-02,11.55
"597",2009-06-03,11.35
"598",2009-06-04,12.2
"599",2009-06-05,13
"600",2009-06-06,12.8
"601",2009-06-07,10
"602",2009-06-08,11.7
"603",2009-06-09,9.95
"604",2009-06-10,8.95
"605",2009-06-11,8.5
"606",2009-06-12,12.4
"607",2009-06-13,13.15
"608",2009-06-14,14.2
"609",2009-06-15,10.25
"610",2009-06-16,8.6
"611",2009-06-17,13.2
"612",2009-06-18,15.15
"613",2009-06-19,17.1
"614",2009-06-20,11.4
"615",2009-06-21,7.85
"616",2009-06-22,5.15
"617",2009-06-23,6.2
"618",2009-06-24,6.2
"619",2009-06-25,9.2
"620",2009-06-26,10.95
"621",2009-06-27,12.1
"622",2009-06-28,13.6
"623",2009-06-29,9.1
"624",2009-06-30,9.65
"625",2009-07-01,9.5
"626",2009-07-02,8.7
"627",2009-07-03,12.9
"628",2009-07-04,14.85
"629",2009-07-05,15.35
"630",2009-07-06,13.45
"631",2009-07-07,13.25
"632",2009-07-08,5.6
"633",2009-07-09,5.4
"634",2009-07-10,6.55
"635",2009-07-11,6.05
"636",2009-07-12,10.95
"637",2009-07-13,5.9
"638",2009-07-14,4.85
"639",2009-07-15,8.55
"640",2009-07-16,8.9
"641",2009-07-17,11.85
"642",2009-07-18,11.4
"643",2009-07-19,11.75
"644",2009-07-20,13
"645",2009-07-21,8.45
"646",2009-07-22,2.9
"647",2009-07-23,1.25
"648",2009-07-24,2.35
"649",2009-07-25,10
"650",2009-07-26,6.25
"651",2009-07-27,8.6
"652",2009-07-28,8.1
"653",2009-07-29,7.3
"654",2009-07-30,8.4
"655",2009-07-31,11.05
"656",2009-08-01,8.7
"657",2009-08-02,8.1
"658",2009-08-03,13.45
"659",2009-08-04,15.35
"660",2009-08-05,14.05
"661",2009-08-06,11.35
"662",2009-08-07,11.4
"663",2009-08-08,9.3
"664",2009-08-09,10.15
"665",2009-08-10,11.1
"666",2009-08-11,16.1
"667",2009-08-12,18.15
"668",2009-08-13,13.8
"669",2009-08-14,14.45
"670",2009-08-15,15.8
"671",2009-08-16,10.2
"672",2009-08-17,7.95
"673",2009-08-18,10.25
"674",2009-08-19,10.1
"675",2009-08-20,9.65
"676",2009-08-21,11.5
"677",2009-08-22,13.85
"678",2009-08-23,14
"679",2009-08-24,15.4
"680",2009-08-25,19.15
"681",2009-08-26,22.85
"682",2009-08-27,21.65
"683",2009-08-28,24.3
"684",2009-08-29,25.5
"685",2009-08-30,19.5
"686",2009-08-31,15.7
"687",2009-09-01,12.3
"688",2009-09-02,11.5
"689",2009-09-03,8.3
"690",2009-09-04,9.75
"691",2009-09-05,17.05
"692",2009-09-06,20.3
"693",2009-09-07,8.25
"694",2009-09-08,6.65
"695",2009-09-09,7
"696",2009-09-10,9.2
"697",2009-09-11,12.75
"698",2009-09-12,14.45
"699",2009-09-13,16.5
"700",2009-09-14,19.4
"701",2009-09-15,16.55
"702",2009-09-16,12.55
"703",2009-09-17,12.85
"704",2009-09-18,12.4
"705",2009-09-19,14.8
"706",2009-09-20,14.95
"707",2009-09-21,17.75
"708",2009-09-22,11.7
"709",2009-09-23,9.4
"710",2009-09-24,13.1
"711",2009-09-25,16.45
"712",2009-09-26,12.55
"713",2009-09-27,6.55
"714",2009-09-28,5.95
"715",2009-09-29,7.25
"716",2009-09-30,10.75
"717",2009-10-01,13.25
"718",2009-10-02,17.4
"719",2009-10-03,20.2
"720",2009-10-04,22.2
"721",2009-10-05,22.6
"722",2009-10-06,13.4
"723",2009-10-07,14.3
"724",2009-10-08,17.9
"725",2009-10-09,20.15
"726",2009-10-10,22.45
"727",2009-10-11,16.35
"728",2009-10-12,19.5
"729",2009-10-13,21.8
"730",2009-10-14,17.2
"731",2009-10-15,13.45
"732",2009-10-16,16.9
"733",2009-10-17,18.35
"734",2009-10-18,19.25
"735",2009-10-19,17.4
"736",2009-10-20,20.15
"737",2009-10-21,17.75
"738",2009-10-22,19.6
"739",2009-10-23,25.6
"740",2009-10-24,19.1
"741",2009-10-25,20.2
"742",2009-10-26,20.35
"743",2009-10-27,22.45
"744",2009-10-28,25.85
"745",2009-10-29,30
"746",2009-10-30,30.65
"747",2009-10-31,26.65
"748",2009-11-01,20.9
"749",2009-11-02,17.7
"750",2009-11-03,17.45
"751",2009-11-04,20
"752",2009-11-05,23.15
"753",2009-11-06,20.95
"754",2009-11-07,16.4
"755",2009-11-08,18.05
"756",2009-11-09,22
"757",2009-11-10,20.35
"758",2009-11-11,22.3
"759",2009-11-12,25.15
"760",2009-11-13,25.1
"761",2009-11-14,24.3
"762",2009-11-15,24.7
"763",2009-11-16,26.05
"764",2009-11-17,27.6
"765",2009-11-18,23.3
"766",2009-11-19,23.4
"767",2009-11-20,25.15
"768",2009-11-21,25.15
"769",2009-11-22,26.35
"770",2009-11-23,28.05
"771",2009-11-24,27.8
"772",2009-11-25,23.75
"773",2009-11-26,23.65
"774",2009-11-27,25.85
"775",2009-11-28,27.05
"776",2009-11-29,23.05
"777",2009-11-30,22.95
"778",2009-12-01,25
"779",2009-12-02,24.55
"780",2009-12-03,21.7
"781",2009-12-04,22.25
"782",2009-12-05,23.55
"783",2009-12-06,22.4
"784",2009-12-07,18.4
"785",2009-12-08,16.7
"786",2009-12-09,21.95
"787",2009-12-10,22.75
"788",2009-12-11,22.75
"789",2009-12-12,21.5
"790",2009-12-13,24.05
"791",2009-12-14,22.4
"792",2009-12-15,23.85
"793",2009-12-16,24
"794",2009-12-17,26.3
"795",2009-12-18,27.3
"796",2009-12-19,23.75
"797",2009-12-20,24.85
"798",2009-12-21,26.4
"799",2009-12-22,27.15
"800",2009-12-23,26.2
"801",2009-12-24,23.6
"802",2009-12-25,25.2
"803",2009-12-26,26.85
"804",2009-12-27,24.75
"805",2009-12-28,22.4
"806",2009-12-29,22.05
"807",2009-12-30,20.95
"808",2009-12-31,22.4
"809",2010-01-01,21.8
"810",2010-01-02,23.5
"811",2010-01-03,24.8
"812",2010-01-04,23.55
"813",2010-01-05,28.1
"814",2010-01-06,20.1
"815",2010-01-07,22.15
"816",2010-01-08,23.2
"817",2010-01-09,25.65
"818",2010-01-10,26.6
"819",2010-01-11,26.95
"820",2010-01-12,20.05
"821",2010-01-13,22.55
"822",2010-01-14,24.8
"823",2010-01-15,26.3
"824",2010-01-16,25.55
"825",2010-01-17,27.4
"826",2010-01-18,25.15
"827",2010-01-19,23.75
"828",2010-01-20,24.25
"829",2010-01-21,28.55
"830",2010-01-22,28.6
"831",2010-01-23,26.6
"832",2010-01-24,27.95
"833",2010-01-25,28.95
"834",2010-01-26,28.75
"835",2010-01-27,28.9
"836",2010-01-28,30.1
"837",2010-01-29,30.4
"838",2010-01-30,23.55
"839",2010-01-31,21.1
"840",2010-02-01,25.5
"841",2010-02-02,27.9
"842",2010-02-03,25.45
"843",2010-02-04,23.8
"844",2010-02-05,25.3
"845",2010-02-06,24.45
"846",2010-02-07,25.7
"847",2010-02-08,26.5
"848",2010-02-09,26.95
"849",2010-02-10,23
"850",2010-02-11,25
"851",2010-02-12,27.4
"852",2010-02-13,23.95
"853",2010-02-14,21.7
"854",2010-02-15,24.3
"855",2010-02-16,19.9
"856",2010-02-17,21.65
"857",2010-02-18,23.7
"858",2010-02-19,24.35
"859",2010-02-20,21.6
"860",2010-02-21,22.25
"861",2010-02-22,22.15
"862",2010-02-23,23.55
"863",2010-02-24,18.7
"864",2010-02-25,18.8
"865",2010-02-26,20.3
"866",2010-02-27,22.25
"867",2010-02-28,20.95
"868",2010-03-01,23.4
"869",2010-03-02,23.8
"870",2010-03-03,21.75
"871",2010-03-04,23.35
"872",2010-03-05,23.95
"873",2010-03-06,25.6
"874",2010-03-07,26.2
"875",2010-03-08,22.35
"876",2010-03-09,18.25
"877",2010-03-10,20.65
"878",2010-03-11,24.2
"879",2010-03-12,21
"880",2010-03-13,22.95
"881",2010-03-14,22.35
"882",2010-03-15,22.7
"883",2010-03-16,23.05
"884",2010-03-17,25
"885",2010-03-18,25.3
"886",2010-03-19,23.25
"887",2010-03-20,23.05
"888",2010-03-21,17.75
"889",2010-03-22,18.9
"890",2010-03-23,20.9
"891",2010-03-24,21.8
"892",2010-03-25,22.1
"893",2010-03-26,22.05
"894",2010-03-27,22.9
"895",2010-03-28,22.85
"896",2010-03-29,24.9
"897",2010-03-30,25.75
"898",2010-03-31,25.3
"899",2010-04-01,19.5
"900",2010-04-02,18.75
"901",2010-04-03,16.65
"902",2010-04-04,15.1
"903",2010-04-05,16.95
"904",2010-04-06,15.8
"905",2010-04-07,15.8
"906",2010-04-08,18
"907",2010-04-09,18.3
"908",2010-04-10,19.15
"909",2010-04-11,19.95
"910",2010-04-12,20.3
"911",2010-04-13,14.55
"912",2010-04-14,10.8
"913",2010-04-15,11.95
"914",2010-04-16,17.45
"915",2010-04-17,19.15
"916",2010-04-18,20.1
"917",2010-04-19,20.7
"918",2010-04-20,17.85
"919",2010-04-21,14.2
"920",2010-04-22,13.5
"921",2010-04-23,9.7
"922",2010-04-24,14.2
"923",2010-04-25,11.8
"924",2010-04-26,12.3
"925",2010-04-27,15.95
"926",2010-04-28,17.2
"927",2010-04-29,14.9
"928",2010-04-30,17.65
"929",2010-05-01,15.75
"930",2010-05-02,18.7
"931",2010-05-03,16.1
"932",2010-05-04,15.15
"933",2010-05-05,19.4
"934",2010-05-06,13.5
"935",2010-05-07,10.2
"936",2010-05-08,12.8
"937",2010-05-09,14.4
"938",2010-05-10,14.2
"939",2010-05-11,13.5
"940",2010-05-12,12.35
"941",2010-05-13,15.05
"942",2010-05-14,15.6
"943",2010-05-15,8
"944",2010-05-16,7.95
"945",2010-05-17,8.55
"946",2010-05-18,9.9
"947",2010-05-19,13.45
"948",2010-05-20,12.05
"949",2010-05-21,12.5
"950",2010-05-22,11.45
"951",2010-05-23,9.05
"952",2010-05-24,10.35
"953",2010-05-25,11.4
"954",2010-05-26,11.1
"955",2010-05-27,10.4
"956",2010-05-28,12.35
"957",2010-05-29,9.75
"958",2010-05-30,9.5
"959",2010-05-31,9.15
"960",2010-06-01,9.65
"961",2010-06-02,9.9
"962",2010-06-03,10.25
"963",2010-06-04,9.55
"964",2010-06-05,11
"965",2010-06-06,12.4
"966",2010-06-07,11.6
"967",2010-06-08,8.8
"968",2010-06-09,10.8
"969",2010-06-10,9.75
"970",2010-06-11,9
"971",2010-06-12,10.7
"972",2010-06-13,10
"973",2010-06-14,12.55
"974",2010-06-15,11.1
"975",2010-06-16,9.75
"976",2010-06-17,7.35
"977",2010-06-18,10.3
"978",2010-06-19,8.75
"979",2010-06-20,8.15
"980",2010-06-21,9.55
"981",2010-06-22,12.45
"982",2010-06-23,14.65
"983",2010-06-24,11.45
"984",2010-06-25,10.6
"985",2010-06-26,10.2
"986",2010-06-27,6.9
"987",2010-06-28,8.3
"988",2010-06-29,13
"989",2010-06-30,9.65
"990",2010-07-01,14.2
"991",2010-07-02,11.5
"992",2010-07-03,12
"993",2010-07-04,14.2
"994",2010-07-05,13.3
"995",2010-07-06,11
"996",2010-07-07,10.8
"997",2010-07-08,10.1
"998",2010-07-09,9
"999",2010-07-10,9.4
"1000",2010-07-11,11.95
"1001",2010-07-12,3.3
"1002",2010-07-13,3.95
"1003",2010-07-14,5.9
"1004",2010-07-15,3.35
"1005",2010-07-16,0.9
"1006",2010-07-17,0.35
"1007",2010-07-18,4.35
"1008",2010-07-19,2.85
"1009",2010-07-20,4.35
"1010",2010-07-21,4.9
"1011",2010-07-22,4.9
"1012",2010-07-23,5.9
"1013",2010-07-24,7.45
"1014",2010-07-25,7.05
"1015",2010-07-26,7.4
"1016",2010-07-27,12.8
"1017",2010-07-28,8.5
"1018",2010-07-29,8.15
"1019",2010-07-30,7
"1020",2010-07-31,8.55
"1021",2010-08-01,5.25
"1022",2010-08-02,3.8
"1023",2010-08-03,3.9
"1024",2010-08-04,2.95
"1025",2010-08-05,5.95
"1026",2010-08-06,8.1
"1027",2010-08-07,6.95
"1028",2010-08-08,7.3
"1029",2010-08-09,8.05
"1030",2010-08-10,10.35
"1031",2010-08-11,10.7
"1032",2010-08-12,10.55
"1033",2010-08-13,6.9
"1034",2010-08-14,7.8
"1035",2010-08-15,7.6
"1036",2010-08-16,11.95
"1037",2010-08-17,15.45
"1038",2010-08-18,17.9
"1039",2010-08-19,13.55
"1040",2010-08-20,13.9
"1041",2010-08-21,17.25
"1042",2010-08-22,17.2
"1043",2010-08-23,12.7
"1044",2010-08-24,9.65
"1045",2010-08-25,14.55
"1046",2010-08-26,15.25
"1047",2010-08-27,18.65
"1048",2010-08-28,18.65
"1049",2010-08-29,10.25
"1050",2010-08-30,13.75
"1051",2010-08-31,11.15
"1052",2010-09-01,7.55
"1053",2010-09-02,5.2
"1054",2010-09-03,4.85
"1055",2010-09-04,10.35
"1056",2010-09-05,14.05
"1057",2010-09-06,16.7
"1058",2010-09-07,18.35
"1059",2010-09-08,19.25
"1060",2010-09-09,20.2
"1061",2010-09-10,16.85
"1062",2010-09-11,15.5
"1063",2010-09-12,16.45
"1064",2010-09-13,11.05
"1065",2010-09-14,11.9
"1066",2010-09-15,16.85
"1067",2010-09-16,14.6
"1068",2010-09-17,13.6
"1069",2010-09-18,16.5
"1070",2010-09-19,19.7
"1071",2010-09-20,20.6
"1072",2010-09-21,16.9
"1073",2010-09-22,15.6
"1074",2010-09-23,15.65
"1075",2010-09-24,18.15
"1076",2010-09-25,18.8
"1077",2010-09-26,18.2
"1078",2010-09-27,13.65
"1079",2010-09-28,13.2
"1080",2010-09-29,14.75
"1081",2010-09-30,14.4
"1082",2010-10-01,8.2
"1083",2010-10-02,11.15
"1084",2010-10-03,16.4
"1085",2010-10-04,18.2
"1086",2010-10-05,18.15
"1087",2010-10-06,16.3
"1088",2010-10-07,16.15
"1089",2010-10-08,15.65
"1090",2010-10-09,19
"1091",2010-10-10,19.55
"1092",2010-10-11,20.5
"1093",2010-10-12,22.05
"1094",2010-10-13,18.15
"1095",2010-10-14,15.55
"1096",2010-10-15,12.8
"1097",2010-10-16,15.55
"1098",2010-10-17,16.75
"1099",2010-10-18,19.95
"1100",2010-10-19,22.5
"1101",2010-10-20,24.05
"1102",2010-10-21,22.05
"1103",2010-10-22,18.6
"1104",2010-10-23,20
"1105",2010-10-24,15.9
"1106",2010-10-25,17.75
"1107",2010-10-26,20.8
"1108",2010-10-27,18.6
"1109",2010-10-28,18.25
"1110",2010-10-29,15.6
"1111",2010-10-30,13.45
"1112",2010-10-31,17.75
"1113",2010-11-01,20.55
"1114",2010-11-02,22.3
"1115",2010-11-03,24.55
"1116",2010-11-04,22.9
"1117",2010-11-05,20.8
"1118",2010-11-06,22.1
"1119",2010-11-07,24.95
"1120",2010-11-08,12.15
"1121",2010-11-09,12.75
"1122",2010-11-10,16.85
"1123",2010-11-11,19.9
"1124",2010-11-12,21.15
"1125",2010-11-13,22.7
"1126",2010-11-14,20.85
"1127",2010-11-15,20.1
"1128",2010-11-16,17.8
"1129",2010-11-17,19.75
"1130",2010-11-18,21.3
"1131",2010-11-19,19.4
"1132",2010-11-20,21.65
"1133",2010-11-21,21.8
"1134",2010-11-22,17
"1135",2010-11-23,19.85
"1136",2010-11-24,23
"1137",2010-11-25,24.15
"1138",2010-11-26,25.65
"1139",2010-11-27,19.6
"1140",2010-11-28,18.25
"1141",2010-11-29,20.7
"1142",2010-11-30,19.75
"1143",2010-12-01,24.3
"1144",2010-12-02,20.75
"1145",2010-12-03,22.45
"1146",2010-12-04,23.4
"1147",2010-12-05,21.7
"1148",2010-12-06,24.25
"1149",2010-12-07,21.8
"1150",2010-12-08,23
"1151",2010-12-09,24.6
"1152",2010-12-10,26.95
"1153",2010-12-11,19.1
"1154",2010-12-12,15.25
"1155",2010-12-13,17.7
"1156",2010-12-14,23
"1157",2010-12-15,25.55
"1158",2010-12-16,25.95
"1159",2010-12-17,27.75
"1160",2010-12-18,21.9
"1161",2010-12-19,25
"1162",2010-12-20,22.65
"1163",2010-12-21,26.45
"1164",2010-12-22,28.15
"1165",2010-12-23,25.25
"1166",2010-12-24,23.7
"1167",2010-12-25,27.7
"1168",2010-12-26,28
"1169",2010-12-27,27.7
"1170",2010-12-28,23.65
"1171",2010-12-29,20.3
"1172",2010-12-30,20.15
"1173",2010-12-31,21.5
"1174",2011-01-01,22.8
"1175",2011-01-02,21.95
"1176",2011-01-03,22.55
"1177",2011-01-04,18.35
"1178",2011-01-05,19.35
"1179",2011-01-06,21.05
"1180",2011-01-07,23.75
"1181",2011-01-08,21.25
"1182",2011-01-09,20.3
"1183",2011-01-10,21.75
"1184",2011-01-11,23.85
"1185",2011-01-12,25.35
"1186",2011-01-13,28.35
"1187",2011-01-14,24.7
"1188",2011-01-15,27.85
"1189",2011-01-16,25.15
"1190",2011-01-17,21.05
"1191",2011-01-18,24.4
"1192",2011-01-19,26.65
"1193",2011-01-20,24.05
"1194",2011-01-21,24.7
"1195",2011-01-22,24.5
"1196",2011-01-23,27.65
"1197",2011-01-24,27.3
"1198",2011-01-25,26
"1199",2011-01-26,24.05
"1200",2011-01-27,24.1
"1201",2011-01-28,24.2
"1202",2011-01-29,24.55
"1203",2011-01-30,26.25
"1204",2011-01-31,23.25
"1205",2011-02-01,20.75
"1206",2011-02-02,24.45
"1207",2011-02-03,23.7
"1208",2011-02-04,25.25
"1209",2011-02-05,25.2
"1210",2011-02-06,22.9
"1211",2011-02-07,21.15
"1212",2011-02-08,22.1
"1213",2011-02-09,20.25
"1214",2011-02-10,20.65
"1215",2011-02-11,19.85
"1216",2011-02-12,21.2
"1217",2011-02-13,22.1
"1218",2011-02-14,22.65
"1219",2011-02-15,24.6
"1220",2011-02-16,24.4
"1221",2011-02-17,22.95
"1222",2011-02-18,19.4
"1223",2011-02-19,19.6
"1224",2011-02-20,19.75
"1225",2011-02-21,22.4
"1226",2011-02-22,22.5
"1227",2011-02-23,22.05
"1228",2011-02-24,15.7
"1229",2011-02-25,17.5
"1230",2011-02-26,20
"1231",2011-02-27,20.9
"1232",2011-02-28,22.7
"1233",2011-03-01,22.55
"1234",2011-03-02,23.15
"1235",2011-03-03,24.2
"1236",2011-03-04,23.55
"1237",2011-03-05,24.65
"1238",2011-03-06,19.85
"1239",2011-03-07,22.15
"1240",2011-03-08,23.35
"1241",2011-03-09,24.4
"1242",2011-03-10,25.25
"1243",2011-03-11,25.2
"1244",2011-03-12,16.55
"1245",2011-03-13,13
"1246",2011-03-14,16.7
"1247",2011-03-15,18.05
"1248",2011-03-16,17.65
"1249",2011-03-17,18.65
"1250",2011-03-18,20.65
"1251",2011-03-19,20.85
"1252",2011-03-20,21.75
"1253",2011-03-21,22.7
"1254",2011-03-22,23.95
"1255",2011-03-23,17.35
"1256",2011-03-24,16.2
"1257",2011-03-25,18.6
"1258",2011-03-26,15.45
"1259",2011-03-27,17.45
"1260",2011-03-28,17.2
"1261",2011-03-29,19.85
"1262",2011-03-30,21
"1263",2011-03-31,22.15
"1264",2011-04-01,19.75
"1265",2011-04-02,20.65
"1266",2011-04-03,21.65
"1267",2011-04-04,21.05
"1268",2011-04-05,20.45
"1269",2011-04-06,22.9
"1270",2011-04-07,21.6
"1271",2011-04-08,21.4
"1272",2011-04-09,21.85
"1273",2011-04-10,15.6
"1274",2011-04-11,18.8
"1275",2011-04-12,20.45
"1276",2011-04-13,21.35
"1277",2011-04-14,19.05
"1278",2011-04-15,14.15
"1279",2011-04-16,15.85
"1280",2011-04-17,15.2
"1281",2011-04-18,15.65
"1282",2011-04-19,16.65
"1283",2011-04-20,17.25
"1284",2011-04-21,16.7
"1285",2011-04-22,19.1
"1286",2011-04-23,13.2
"1287",2011-04-24,16.15
"1288",2011-04-25,15.35
"1289",2011-04-26,16.4
"1290",2011-04-27,19.25
"1291",2011-04-28,13.45
"1292",2011-04-29,6.75
"1293",2011-04-30,8.7
"1294",2011-05-01,7.9
"1295",2011-05-02,8.45
"1296",2011-05-03,11
"1297",2011-05-04,14.05
"1298",2011-05-05,14.65
"1299",2011-05-06,15
"1300",2011-05-07,15.8
"1301",2011-05-08,13.15
"1302",2011-05-09,12.85
"1303",2011-05-10,16.15
"1304",2011-05-11,13.1
"1305",2011-05-12,14.4
"1306",2011-05-13,18.75
"1307",2011-05-14,14.45
"1308",2011-05-15,13.45
"1309",2011-05-16,13.1
"1310",2011-05-17,14.5
"1311",2011-05-18,15.2
"1312",2011-05-19,16.65
"1313",2011-05-20,13
"1314",2011-05-21,12.3
"1315",2011-05-22,10.6
"1316",2011-05-23,9.65
"1317",2011-05-24,13.7
"1318",2011-05-25,11.15
"1319",2011-05-26,10.05
"1320",2011-05-27,12.65
"1321",2011-05-28,8.3
"1322",2011-05-29,9.5
"1323",2011-05-30,11.35
"1324",2011-05-31,9.95
"1325",2011-06-01,11.45
"1326",2011-06-02,14.55
"1327",2011-06-03,8.65
"1328",2011-06-04,8.7
"1329",2011-06-05,10.45
"1330",2011-06-06,8.6
"1331",2011-06-07,8.65
"1332",2011-06-08,11.8
"1333",2011-06-09,11.3
"1334",2011-06-10,13.85
"1335",2011-06-11,14.2
"1336",2011-06-12,12.25
"1337",2011-06-13,8.7
"1338",2011-06-14,10.3
"1339",2011-06-15,9.15
"1340",2011-06-16,9.95
"1341",2011-06-17,7.6
"1342",2011-06-18,11.1
"1343",2011-06-19,11.7
"1344",2011-06-20,5.7
"1345",2011-06-21,7
"1346",2011-06-22,3.8
"1347",2011-06-23,6.75
"1348",2011-06-24,8.4
"1349",2011-06-25,3.75
"1350",2011-06-26,2.15
"1351",2011-06-27,6.55
"1352",2011-06-28,4.2
"1353",2011-06-29,8.85
"1354",2011-06-30,3.15
"1355",2011-07-01,2.25
"1356",2011-07-02,5.65
"1357",2011-07-03,1.95
"1358",2011-07-04,4
"1359",2011-07-05,4.35
"1360",2011-07-06,5.25
"1361",2011-07-07,7.25
"1362",2011-07-08,10.35
"1363",2011-07-09,13.05
"1364",2011-07-10,11.5
"1365",2011-07-11,10.75
"1366",2011-07-12,11.55
"1367",2011-07-13,11.15
"1368",2011-07-14,16.9
"1369",2011-07-15,10.05
"1370",2011-07-16,8.7
"1371",2011-07-17,5.8
"1372",2011-07-18,2
"1373",2011-07-19,4.6
"1374",2011-07-20,4.25
"1375",2011-07-21,6.35
"1376",2011-07-22,12.35
"1377",2011-07-23,13.5
"1378",2011-07-24,14.85
"1379",2011-07-25,8.85
"1380",2011-07-26,7.7
"1381",2011-07-27,11.9
"1382",2011-07-28,11.7
"1383",2011-07-29,7.1
"1384",2011-07-30,4.4
"1385",2011-07-31,1.95
"1386",2011-08-01,4.55
"1387",2011-08-02,5.25
"1388",2011-08-03,6.8
"1389",2011-08-04,7.35
"1390",2011-08-05,14.65
"1391",2011-08-06,15.2
"1392",2011-08-07,11.3
"1393",2011-08-08,11.45
"1394",2011-08-09,12.85
"1395",2011-08-10,14.2
"1396",2011-08-11,18.1
"1397",2011-08-12,14.35
"1398",2011-08-13,11.75
"1399",2011-08-14,14.75
"1400",2011-08-15,14.7
"1401",2011-08-16,11.05
"1402",2011-08-17,11.25
"1403",2011-08-18,8.75
"1404",2011-08-19,5.1
"1405",2011-08-20,4.25
"1406",2011-08-21,5.75
"1407",2011-08-22,9.05
"1408",2011-08-23,10.4
"1409",2011-08-24,12.75
"1410",2011-08-25,11.55
"1411",2011-08-26,12.8
"1412",2011-08-27,15.55
"1413",2011-08-28,10.6
"1414",2011-08-29,13.85
"1415",2011-08-30,12.95
"1416",2011-08-31,10.4
"1417",2011-09-01,15.9
"1418",2011-09-02,18.25
"1419",2011-09-03,15.3
"1420",2011-09-04,11.1
"1421",2011-09-05,9.5
"1422",2011-09-06,13
"1423",2011-09-07,13.2
"1424",2011-09-08,11.95
"1425",2011-09-09,17.8
"1426",2011-09-10,14.15
"1427",2011-09-11,14.35
"1428",2011-09-12,20.45
"1429",2011-09-13,16
"1430",2011-09-14,17.85
"1431",2011-09-15,21.75
"1432",2011-09-16,20.5
"1433",2011-09-17,13.05
"1434",2011-09-18,14.25
"1435",2011-09-19,16.1
"1436",2011-09-20,15.8
"1437",2011-09-21,19.95
"1438",2011-09-22,11.35
"1439",2011-09-23,11.5
"1440",2011-09-24,16
"1441",2011-09-25,20.55
"1442",2011-09-26,18.45
"1443",2011-09-27,22.1
"1444",2011-09-28,26.25
"1445",2011-09-29,22.6
"1446",2011-09-30,19.25
"1447",2011-10-01,19.15
"1448",2011-10-02,17.2
"1449",2011-10-03,15.9
"1450",2011-10-04,19.75
"1451",2011-10-05,20.3
"1452",2011-10-06,22.7
"1453",2011-10-07,14.3
"1454",2011-10-08,9.1
"1455",2011-10-09,13.75
"1456",2011-10-10,15.35
"1457",2011-10-11,19.15
"1458",2011-10-12,13.55
"1459",2011-10-13,14.75
"1460",2011-10-14,15
"1461",2011-10-15,15.95
"1462",2011-10-16,17.6
"1463",2011-10-17,16.45
"1464",2011-10-18,19.4
"1465",2011-10-19,21.05
"1466",2011-10-20,23.25
"1467",2011-10-21,24.15
"1468",2011-10-22,18.95
"1469",2011-10-23,16.9
"1470",2011-10-24,14.55
"1471",2011-10-25,16.05
"1472",2011-10-26,17.7
"1473",2011-10-27,17.3
"1474",2011-10-28,19.9
"1475",2011-10-29,18.6
"1476",2011-10-30,17.6
"1477",2011-10-31,19.9
"1478",2011-11-01,20.65
"1479",2011-11-02,23.2
"1480",2011-11-03,25.6
"1481",2011-11-04,22.8
"1482",2011-11-05,23.1
"1483",2011-11-06,25.95
"1484",2011-11-07,26.5
"1485",2011-11-08,26.25
"1486",2011-11-09,20.8
"1487",2011-11-10,17.6
"1488",2011-11-11,20.75
"1489",2011-11-12,21.85
"1490",2011-11-13,17.15
"1491",2011-11-14,18.4
"1492",2011-11-15,19.6
"1493",2011-11-16,20.75
"1494",2011-11-17,18.2
"1495",2011-11-18,22.05
"1496",2011-11-19,10.85
"1497",2011-11-20,17.15
"1498",2011-11-21,17.7
"1499",2011-11-22,20.65
"1500",2011-11-23,23.95
"1501",2011-11-24,24.85
"1502",2011-11-25,26.45
"1503",2011-11-26,21.8
"1504",2011-11-27,25.65
"1505",2011-11-28,23.55
"1506",2011-11-29,25.35
"1507",2011-11-30,18.05
"1508",2011-12-01,19.75
"1509",2011-12-02,22.65
"1510",2011-12-03,24.9
"1511",2011-12-04,18.25
"1512",2011-12-05,20.95
"1513",2011-12-06,18.55
"1514",2011-12-07,18.85
"1515",2011-12-08,21.5
"1516",2011-12-09,22.2
"1517",2011-12-10,25.25
"1518",2011-12-11,24.55
"1519",2011-12-12,21.15
"1520",2011-12-13,21.25
"1521",2011-12-14,21.85
"1522",2011-12-15,21.15
"1523",2011-12-16,21.85
"1524",2011-12-17,23.25
"1525",2011-12-18,26.75
"1526",2011-12-19,28.1
"1527",2011-12-20,29.65
"1528",2011-12-21,NA
"1529",2011-12-22,NA
"1530",2011-12-23,NA
"1531",2011-12-24,NA
"1532",2011-12-25,NA
"1533",2011-12-26,NA
"1534",2011-12-27,NA
"1535",2011-12-28,NA
"1536",2011-12-29,NA
"1537",2011-12-30,NA
"1538",2011-12-31,NA
"1539",2012-01-01,NA
"1540",2012-01-02,NA
"1541",2012-01-03,NA
"1542",2012-01-04,NA
"1543",2012-01-05,NA
"1544",2012-01-06,NA
"1545",2012-01-07,NA
"1546",2012-01-08,NA
"1547",2012-01-09,NA
"1548",2012-01-10,NA
"1549",2012-01-11,NA
"1550",2012-01-12,NA
"1551",2012-01-13,NA
"1552",2012-01-14,NA
"1553",2012-01-15,NA
"1554",2012-01-16,NA
"1555",2012-01-17,NA
"1556",2012-01-18,NA
"1557",2012-01-19,NA
"1558",2012-01-20,NA
"1559",2012-01-21,NA
"1560",2012-01-22,NA
"1561",2012-01-23,NA
"1562",2012-01-24,NA
"1563",2012-01-25,NA
"1564",2012-01-26,NA
"1565",2012-01-27,NA
"1566",2012-01-28,NA
"1567",2012-01-29,NA
"1568",2012-01-30,NA
"1569",2012-01-31,NA
"1570",2012-02-01,23.3
"1571",2012-02-02,21.6
"1572",2012-02-03,24.7
"1573",2012-02-04,26.75
"1574",2012-02-05,25.4
"1575",2012-02-06,26.4
"1576",2012-02-07,27.25
"1577",2012-02-08,23.2
"1578",2012-02-09,21.95
"1579",2012-02-10,22.55
"1580",2012-02-11,23.7
"1581",2012-02-12,25.5
"1582",2012-02-13,23.65
"1583",2012-02-14,25.35
"1584",2012-02-15,27.1
"1585",2012-02-16,26.7
"1586",2012-02-17,25.35
"1587",2012-02-18,24.45
"1588",2012-02-19,18.9
"1589",2012-02-20,20
"1590",2012-02-21,23.7
"1591",2012-02-22,22.75
"1592",2012-02-23,19.65
"1593",2012-02-24,23.2
"1594",2012-02-25,23.15
"1595",2012-02-26,23.45
"1596",2012-02-27,23.95
"1597",2012-02-28,26.2
"1598",2012-02-29,18.65
"1599",2012-03-01,16.05
"1600",2012-03-02,20.6
"1601",2012-03-03,23
"1602",2012-03-04,26
"1603",2012-03-05,26.25
"1604",2012-03-06,21.9
"1605",2012-03-07,22.8
"1606",2012-03-08,24.6
"1607",2012-03-09,26.85
"1608",2012-03-10,28.3
"1609",2012-03-11,27.5
"1610",2012-03-12,22.75
"1611",2012-03-13,22.1
"1612",2012-03-14,20.95
"1613",2012-03-15,22.95
"1614",2012-03-16,22.6
"1615",2012-03-17,23.45
"1616",2012-03-18,24.75
"1617",2012-03-19,23.5
"1618",2012-03-20,21.05
"1619",2012-03-21,20.45
"1620",2012-03-22,21.25
"1621",2012-03-23,20.75
"1622",2012-03-24,21.65
"1623",2012-03-25,20.3
"1624",2012-03-26,15.8
"1625",2012-03-27,13.95
"1626",2012-03-28,16.2
"1627",2012-03-29,19.8
"1628",2012-03-30,21.2
"1629",2012-03-31,23.25
"1630",2012-04-01,23.45
"1631",2012-04-02,19.2
"1632",2012-04-03,20.2
"1633",2012-04-04,24.05
"1634",2012-04-05,14.4
"1635",2012-04-06,17.4
"1636",2012-04-07,20
"1637",2012-04-08,20.45
"1638",2012-04-09,18.75
"1639",2012-04-10,19.6
"1640",2012-04-11,19.9
"1641",2012-04-12,20.95
"1642",2012-04-13,20.3
"1643",2012-04-14,18
"1644",2012-04-15,17.65
"1645",2012-04-16,17.15
"1646",2012-04-17,19.9
"1647",2012-04-18,21.05
"1648",2012-04-19,20.1
"1649",2012-04-20,19.4
"1650",2012-04-21,16.9
"1651",2012-04-22,12.65
"1652",2012-04-23,13.2
"1653",2012-04-24,13.1
"1654",2012-04-25,13.9
"1655",2012-04-26,11.5
"1656",2012-04-27,7.5
"1657",2012-04-28,7.35
"1658",2012-04-29,9.25
"1659",2012-04-30,11.9
"1660",2012-05-01,14.95
"1661",2012-05-02,16.05
"1662",2012-05-03,15.5
"1663",2012-05-04,16.2
"1664",2012-05-05,17.05
"1665",2012-05-06,19.45
"1666",2012-05-07,19.65
"1667",2012-05-08,17.9
"1668",2012-05-09,17.45
"1669",2012-05-10,15.55
"1670",2012-05-11,15.5
"1671",2012-05-12,13.4
"1672",2012-05-13,12.9
"1673",2012-05-14,14.35
"1674",2012-05-15,15.9
"1675",2012-05-16,17.5
"1676",2012-05-17,13.95
"1677",2012-05-18,11.75
"1678",2012-05-19,12.3
"1679",2012-05-20,12.45
"1680",2012-05-21,10.6
"1681",2012-05-22,12
"1682",2012-05-23,12.2
"1683",2012-05-24,10.65
"1684",2012-05-25,13.85
"1685",2012-05-26,14.5
"1686",2012-05-27,18.45
"1687",2012-05-28,14.8
"1688",2012-05-29,15.25
"1689",2012-05-30,12.7
"1690",2012-05-31,14.1
"1691",2012-06-01,12.25
"1692",2012-06-02,15.5
"1693",2012-06-03,12.65
"1694",2012-06-04,5.85
"1695",2012-06-05,6.15
"1696",2012-06-06,2.2
"1697",2012-06-07,2
"1698",2012-06-08,4.7
"1699",2012-06-09,7.55
"1700",2012-06-10,8
"1701",2012-06-11,11.2
"1702",2012-06-12,15.4
"1703",2012-06-13,18.95
"1704",2012-06-14,13.5
"1705",2012-06-15,9.9
"1706",2012-06-16,5.05
"1707",2012-06-17,5.9
"1708",2012-06-18,7.65
"1709",2012-06-19,9.95
"1710",2012-06-20,8.95
"1711",2012-06-21,10.45
"1712",2012-06-22,10.3
"1713",2012-06-23,15.05
"1714",2012-06-24,14.1
"1715",2012-06-25,7.8
"1716",2012-06-26,12.8
"1717",2012-06-27,15.65
"1718",2012-06-28,12.45
"1719",2012-06-29,13.85
"1720",2012-06-30,13.75
"1721",2012-07-01,15.7
"1722",2012-07-02,8.25
"1723",2012-07-03,3.5
"1724",2012-07-04,9.1
"1725",2012-07-05,7
"1726",2012-07-06,4.3
"1727",2012-07-07,5.25
"1728",2012-07-08,7.9
"1729",2012-07-09,6.85
"1730",2012-07-10,3.9
"1731",2012-07-11,4.75
"1732",2012-07-12,6.9
"1733",2012-07-13,9.45
"1734",2012-07-14,10.25
"1735",2012-07-15,8.15
"1736",2012-07-16,7.6
"1737",2012-07-17,9.85
"1738",2012-07-18,10.6
"1739",2012-07-19,9.85
"1740",2012-07-20,12.15
"1741",2012-07-21,13.15
"1742",2012-07-22,10.5
"1743",2012-07-23,13
"1744",2012-07-24,9.6
"1745",2012-07-25,6.3
"1746",2012-07-26,7.1
"1747",2012-07-27,6.6
"1748",2012-07-28,11.45
"1749",2012-07-29,7.1
"1750",2012-07-30,6.7
"1751",2012-07-31,7.8
"1752",2012-08-01,7.8
"1753",2012-08-02,10.55
"1754",2012-08-03,10.65
"1755",2012-08-04,12.35
"1756",2012-08-05,12.2
"1757",2012-08-06,10.6
"1758",2012-08-07,9.45
"1759",2012-08-08,12.6
"1760",2012-08-09,12.8
"1761",2012-08-10,14.3
"1762",2012-08-11,8.65
"1763",2012-08-12,9.55
"1764",2012-08-13,12.45
"1765",2012-08-14,12.6
"1766",2012-08-15,9.55
"1767",2012-08-16,16.9
"1768",2012-08-17,11.45
"1769",2012-08-18,12.65
"1770",2012-08-19,13.7
"1771",2012-08-20,13.4
"1772",2012-08-21,13.5
"1773",2012-08-22,17.85
"1774",2012-08-23,11.7
"1775",2012-08-24,10.15
"1776",2012-08-25,7.55
"1777",2012-08-26,9.95
"1778",2012-08-27,8.95
"1779",2012-08-28,10.45
"1780",2012-08-29,14.2
"1781",2012-08-30,13.9
"1782",2012-08-31,14.85
"1783",2012-09-01,17.5
"1784",2012-09-02,20.1
"1785",2012-09-03,20.4
"1786",2012-09-04,15.85
"1787",2012-09-05,11.65
"1788",2012-09-06,11.3
"1789",2012-09-07,15.05
"1790",2012-09-08,13.05
"1791",2012-09-09,10.55
"1792",2012-09-10,13.65
"1793",2012-09-11,15.9
"1794",2012-09-12,17.95
"1795",2012-09-13,18.7
"1796",2012-09-14,21.7
"1797",2012-09-15,20.05
"1798",2012-09-16,16.15
"1799",2012-09-17,14.3
"1800",2012-09-18,10.45
"1801",2012-09-19,11.5
"1802",2012-09-20,15.35
"1803",2012-09-21,15.1
"1804",2012-09-22,14.9
"1805",2012-09-23,19.7
"1806",2012-09-24,15.35
"1807",2012-09-25,13.7
"1808",2012-09-26,12.1
"1809",2012-09-27,14.35
"1810",2012-09-28,16.1
"1811",2012-09-29,16.5
"1812",2012-09-30,21.05
"1813",2012-10-01,16.3
"1814",2012-10-02,15.85
"1815",2012-10-03,15.05
"1816",2012-10-04,19.45
"1817",2012-10-05,18.25
"1818",2012-10-06,16.55
"1819",2012-10-07,11.85
"1820",2012-10-08,10.6
"1821",2012-10-09,15.8
"1822",2012-10-10,13.75
"1823",2012-10-11,16.5
"1824",2012-10-12,18.5
"1825",2012-10-13,20.1
"1826",2012-10-14,20.9
"1827",2012-10-15,15.6
"1828",2012-10-16,16
"1829",2012-10-17,17.65
"1830",2012-10-18,21.5
"1831",2012-10-19,23.8
"1832",2012-10-20,19.25
"1833",2012-10-21,19.25
"1834",2012-10-22,14.9
"1835",2012-10-23,14.1
"1836",2012-10-24,17.85
"1837",2012-10-25,20.15
"1838",2012-10-26,22.05
"1839",2012-10-27,19.6
"1840",2012-10-28,20.15
"1841",2012-10-29,18.4
"1842",2012-10-30,20.85
"1843",2012-10-31,23.45
"1844",2012-11-01,20.55
"1845",2012-11-02,22
"1846",2012-11-03,23.2
"1847",2012-11-04,22.55
"1848",2012-11-05,24.7
"1849",2012-11-06,26.9
"1850",2012-11-07,26.05
"1851",2012-11-08,27
"1852",2012-11-09,18.25
"1853",2012-11-10,17.25
"1854",2012-11-11,17.5
"1855",2012-11-12,20.3
"1856",2012-11-13,21.7
"1857",2012-11-14,22.4
"1858",2012-11-15,23.6
"1859",2012-11-16,22.95
"1860",2012-11-17,20.15
"1861",2012-11-18,20.55
"1862",2012-11-19,23.7
"1863",2012-11-20,25.05
"1864",2012-11-21,23.9
"1865",2012-11-22,17.75
"1866",2012-11-23,19.2
"1867",2012-11-24,20.4
"1868",2012-11-25,22.05
"1869",2012-11-26,23.85
"1870",2012-11-27,23.5
"1871",2012-11-28,23.35
"1872",2012-11-29,20.8
"1873",2012-11-30,19.1
"1874",2012-12-01,22.35
"1875",2012-12-02,25.05
"1876",2012-12-03,27.5
"1877",2012-12-04,22.7
"1878",2012-12-05,25.15
"1879",2012-12-06,20.75
"1880",2012-12-07,20.45
"1881",2012-12-08,22.8
"1882",2012-12-09,25.4
"1883",2012-12-10,21.65
"1884",2012-12-11,21.7
"1885",2012-12-12,27.4
"1886",2012-12-13,25.4
"1887",2012-12-14,26.65
"1888",2012-12-15,23.85
"1889",2012-12-16,28.6
"1890",2012-12-17,24.05
"1891",2012-12-18,22.25
"1892",2012-12-19,23.1
"1893",2012-12-20,19.95
"1894",2012-12-21,21.1
"1895",2012-12-22,24.1
"1896",2012-12-23,26.85
"1897",2012-12-24,31.4
"1898",2012-12-25,20.4
"1899",2012-12-26,21.3
"1900",2012-12-27,22.4
"1901",2012-12-28,23.75
"1902",2012-12-29,25.6
"1903",2012-12-30,28.1
"1904",2012-12-31,24.15
"1905",2013-01-01,20.8
"1906",2013-01-02,21.4
"1907",2013-01-03,24
"1908",2013-01-04,23.3
"1909",2013-01-05,25.4
"1910",2013-01-06,25.45
"1911",2013-01-07,26.8
"1912",2013-01-08,21.95
"1913",2013-01-09,24
"1914",2013-01-10,27.25
"1915",2013-01-11,28.25
"1916",2013-01-12,27.5
"1917",2013-01-13,28.15
"1918",2013-01-14,26.15
"1919",2013-01-15,27.9
"1920",2013-01-16,23.65
"1921",2013-01-17,25.9
"1922",2013-01-18,25.15
"1923",2013-01-19,25.05
"1924",2013-01-20,23.3
"1925",2013-01-21,21.7
"1926",2013-01-22,24.5
"1927",2013-01-23,24.5
"1928",2013-01-24,25.55
"1929",2013-01-25,22.35
"1930",2013-01-26,24.35
"1931",2013-01-27,25.5
"1932",2013-01-28,22.3
"1933",2013-01-29,22.7
"1934",2013-01-30,25.5
"1935",2013-01-31,22.6
"1936",2013-02-01,27.7
"1937",2013-02-02,24.7
"1938",2013-02-03,22.7
"1939",2013-02-04,25.7
"1940",2013-02-05,26.6
"1941",2013-02-06,26.8
"1942",2013-02-07,26.55
"1943",2013-02-08,26.05
"1944",2013-02-09,27.75
"1945",2013-02-10,23.45
"1946",2013-02-11,23.65
"1947",2013-02-12,27.15
"1948",2013-02-13,27
"1949",2013-02-14,24.55
"1950",2013-02-15,26.45
"1951",2013-02-16,23.55
"1952",2013-02-17,20.2
"1953",2013-02-18,18.75
"1954",2013-02-19,19.65
"1955",2013-02-20,21.05
"1956",2013-02-21,21.25
"1957",2013-02-22,22.45
"1958",2013-02-23,24.85
"1959",2013-02-24,21.35
"1960",2013-02-25,19.8
"1961",2013-02-26,19.7
"1962",2013-02-27,22.95
"1963",2013-02-28,25.4
"1964",2013-03-01,23.85
"1965",2013-03-02,18.65
"1966",2013-03-03,18.6
"1967",2013-03-04,19.35
"1968",2013-03-05,21.7
"1969",2013-03-06,24.1
"1970",2013-03-07,23.8
"1971",2013-03-08,26.5
"1972",2013-03-09,27.3
"1973",2013-03-10,24.35
"1974",2013-03-11,23.3
"1975",2013-03-12,22.6
"1976",2013-03-13,16.75
"1977",2013-03-14,12.3
"1978",2013-03-15,13.1
"1979",2013-03-16,15.25
"1980",2013-03-17,16.4
"1981",2013-03-18,16.4
"1982",2013-03-19,18.2
"1983",2013-03-20,19.35
"1984",2013-03-21,18.6
"1985",2013-03-22,19.95
"1986",2013-03-23,21.9
"1987",2013-03-24,20.65
"1988",2013-03-25,19.55
"1989",2013-03-26,18.3
"1990",2013-03-27,22.05
"1991",2013-03-28,21.55
"1992",2013-03-29,21.7
"1993",2013-03-30,22.95
"1994",2013-03-31,15.15
"1995",2013-04-01,13.1
"1996",2013-04-02,13.4
"1997",2013-04-03,13.75
"1998",2013-04-04,16.2
"1999",2013-04-05,18.75
"2000",2013-04-06,17.35
"2001",2013-04-07,16.15
"2002",2013-04-08,18.2
"2003",2013-04-09,18.6
"2004",2013-04-10,20.8
"2005",2013-04-11,17.3
"2006",2013-04-12,13.7
"2007",2013-04-13,12.75
"2008",2013-04-14,16.8
"2009",2013-04-15,19.85
"2010",2013-04-16,21.65
"2011",2013-04-17,21.7
"2012",2013-04-18,21.7
"2013",2013-04-19,21.1
"2014",2013-04-20,20.15
"2015",2013-04-21,21.75
"2016",2013-04-22,20.75
"2017",2013-04-23,22.15
"2018",2013-04-24,21.6
"2019",2013-04-25,22.45
"2020",2013-04-26,18.95
"2021",2013-04-27,14.35
"2022",2013-04-28,14.6
"2023",2013-04-29,14.8
"2024",2013-04-30,18
"2025",2013-05-01,17.9
"2026",2013-05-02,17.5
"2027",2013-05-03,17.55
"2028",2013-05-04,15.9
"2029",2013-05-05,16.2
"2030",2013-05-06,15
"2031",2013-05-07,12.85
"2032",2013-05-08,17.8
"2033",2013-05-09,16.8
"2034",2013-05-10,18.6
"2035",2013-05-11,16.1
"2036",2013-05-12,15.45
"2037",2013-05-13,14.65
"2038",2013-05-14,11.3
"2039",2013-05-15,8.65
"2040",2013-05-16,7.35
"2041",2013-05-17,10
"2042",2013-05-18,11.4
"2043",2013-05-19,10.95
"2044",2013-05-20,10.7
"2045",2013-05-21,12.8
"2046",2013-05-22,11.25
"2047",2013-05-23,11.05
"2048",2013-05-24,12
"2049",2013-05-25,12.5
"2050",2013-05-26,13.1
"2051",2013-05-27,13.1
"2052",2013-05-28,14.3
"2053",2013-05-29,11.5
"2054",2013-05-30,10.8
"2055",2013-05-31,13.4
"2056",2013-06-01,15.45
"2057",2013-06-02,13.8
"2058",2013-06-03,14.6
"2059",2013-06-04,16.05
"2060",2013-06-05,16.8
"2061",2013-06-06,12.05
"2062",2013-06-07,14.65
"2063",2013-06-08,11.25
"2064",2013-06-09,12.65
"2065",2013-06-10,12.5
"2066",2013-06-11,16.55
"2067",2013-06-12,18.5
"2068",2013-06-13,17.25
"2069",2013-06-14,13.95
"2070",2013-06-15,13.9
"2071",2013-06-16,10.45
"2072",2013-06-17,9
"2073",2013-06-18,10.15
"2074",2013-06-19,6.25
"2075",2013-06-20,8.45
"2076",2013-06-21,9.2
"2077",2013-06-22,9.75
"2078",2013-06-23,8.2
"2079",2013-06-24,8.75
"2080",2013-06-25,7.95
"2081",2013-06-26,9
"2082",2013-06-27,12.85
"2083",2013-06-28,12
"2084",2013-06-29,9.55
"2085",2013-06-30,7.05
"2086",2013-07-01,8.5
"2087",2013-07-02,14.4
"2088",2013-07-03,16.45
"2089",2013-07-04,8.05
"2090",2013-07-05,9.6
"2091",2013-07-06,7.1
"2092",2013-07-07,6.4
"2093",2013-07-08,8.6
"2094",2013-07-09,8.35
"2095",2013-07-10,7.3
"2096",2013-07-11,11.55
"2097",2013-07-12,9.7
"2098",2013-07-13,12.05
"2099",2013-07-14,11.15
"2100",2013-07-15,10.85
"2101",2013-07-16,13.55
"2102",2013-07-17,13.35
"2103",2013-07-18,8.6
"2104",2013-07-19,2.8
"2105",2013-07-20,3.75
"2106",2013-07-21,3.95
"2107",2013-07-22,0.0499999999999998
"2108",2013-07-23,2.95
"2109",2013-07-24,4.45
"2110",2013-07-25,10.65
"2111",2013-07-26,12.25
"2112",2013-07-27,8.95
"2113",2013-07-28,9.75
"2114",2013-07-29,13
"2115",2013-07-30,17.1
"2116",2013-07-31,11.95
"2117",2013-08-01,11.65
"2118",2013-08-02,8.8
"2119",2013-08-03,12.2
"2120",2013-08-04,10.1
"2121",2013-08-05,16.15
"2122",2013-08-06,13.4
"2123",2013-08-07,15.3
"2124",2013-08-08,9.45
"2125",2013-08-09,6.65
"2126",2013-08-10,6.7
"2127",2013-08-11,13.25
"2128",2013-08-12,8.65
"2129",2013-08-13,6.2
"2130",2013-08-14,5.6
"2131",2013-08-15,11.45
"2132",2013-08-16,10.2
"2133",2013-08-17,10.85
"2134",2013-08-18,13.25
"2135",2013-08-19,17.75
"2136",2013-08-20,15.7
"2137",2013-08-21,12.4
"2138",2013-08-22,7.1
"2139",2013-08-23,5.15
"2140",2013-08-24,6.9
"2141",2013-08-25,2.3
"2142",2013-08-26,5.05
"2143",2013-08-27,12.05
"2144",2013-08-28,17.7
"2145",2013-08-29,20.65
"2146",2013-08-30,20.15
"2147",2013-08-31,18.15
"2148",2013-09-01,15.8
"2149",2013-09-02,12.85
"2150",2013-09-03,13.95
"2151",2013-09-04,13.8
"2152",2013-09-05,19.5
"2153",2013-09-06,20.8
"2154",2013-09-07,19.55
"2155",2013-09-08,20.05
"2156",2013-09-09,25.65
"2157",2013-09-10,26.5
"2158",2013-09-11,18.45
"2159",2013-09-12,11
"2160",2013-09-13,10.6
"2161",2013-09-14,8.45
"2162",2013-09-15,6
"2163",2013-09-16,5.85
"2164",2013-09-17,5.05
"2165",2013-09-18,7.8
"2166",2013-09-19,14.2
"2167",2013-09-20,14.55
"2168",2013-09-21,6.35
"2169",2013-09-22,5.7
"2170",2013-09-23,9.6
"2171",2013-09-24,7.8
"2172",2013-09-25,12.45
"2173",2013-09-26,15.75
"2174",2013-09-27,12.6
"2175",2013-09-28,5.3
"2176",2013-09-29,7.35
"2177",2013-09-30,12.25
"2178",2013-10-01,12.7
"2179",2013-10-02,17
"2180",2013-10-03,13.3
"2181",2013-10-04,13.45
"2182",2013-10-05,17.2
"2183",2013-10-06,18.1
"2184",2013-10-07,19.9
"2185",2013-10-08,21.9
"2186",2013-10-09,18.4
"2187",2013-10-10,17.5
"2188",2013-10-11,21.15
"2189",2013-10-12,17.8
"2190",2013-10-13,18.35
"2191",2013-10-14,20.65
"2192",2013-10-15,22.7
"2193",2013-10-16,20.9
"2194",2013-10-17,19.4
"2195",2013-10-18,22.4
"2196",2013-10-19,26.6
"2197",2013-10-20,22.95
"2198",2013-10-21,19.4
"2199",2013-10-22,21.6
"2200",2013-10-23,17.6
"2201",2013-10-24,17.55
"2202",2013-10-25,19.6
"2203",2013-10-26,20.95
"2204",2013-10-27,21.85
"2205",2013-10-28,23.65
"2206",2013-10-29,24.2
"2207",2013-10-30,24.75
"2208",2013-10-31,21.75
"2209",2013-11-01,17.7
"2210",2013-11-02,20.15
"2211",2013-11-03,19.7
"2212",2013-11-04,22.5
"2213",2013-11-05,23.85
"2214",2013-11-06,24.8
"2215",2013-11-07,24.5
"2216",2013-11-08,24.65
"2217",2013-11-09,17.8
"2218",2013-11-10,14.05
"2219",2013-11-11,18.65
"2220",2013-11-12,22.45
"2221",2013-11-13,25.4
"2222",2013-11-14,28.75
"2223",2013-11-15,19.55
"2224",2013-11-16,18.75
"2225",2013-11-17,23.05
"2226",2013-11-18,23.65
"2227",2013-11-19,22.05
"2228",2013-11-20,23.45
"2229",2013-11-21,23.75
"2230",2013-11-22,25.2
"2231",2013-11-23,25.55
"2232",2013-11-24,24.8
"2233",2013-11-25,18.1
"2234",2013-11-26,16.55
"2235",2013-11-27,17.7
"2236",2013-11-28,19.1
"2237",2013-11-29,20.3
"2238",2013-11-30,24.95
"2239",2013-12-01,23.75
"2240",2013-12-02,28.85
"2241",2013-12-03,23.3
"2242",2013-12-04,27.2
"2243",2013-12-05,24.25
"2244",2013-12-06,25.1
"2245",2013-12-07,28.05
"2246",2013-12-08,23.45
"2247",2013-12-09,23.2
"2248",2013-12-10,22.2
"2249",2013-12-11,23.9
"2250",2013-12-12,22.3
"2251",2013-12-13,25.2
"2252",2013-12-14,27.05
"2253",2013-12-15,25.3
"2254",2013-12-16,27.6
"2255",2013-12-17,27.6
"2256",2013-12-18,27
"2257",2013-12-19,21.85
"2258",2013-12-20,24.1
"2259",2013-12-21,27.8
"2260",2013-12-22,28
"2261",2013-12-23,28.9
"2262",2013-12-24,30.15
"2263",2013-12-25,31
"2264",2013-12-26,26.2
"2265",2013-12-27,27.8
"2266",2013-12-28,28
"2267",2013-12-29,26.7
"2268",2013-12-30,28.35
"2269",2013-12-31,23.7
"2270",2014-01-01,26.85
"2271",2014-01-02,20.45
"2272",2014-01-03,21.2
"2273",2014-01-04,23.45
"2274",2014-01-05,27.2
"2275",2014-01-06,28.45
"2276",2014-01-07,26.3
"2277",2014-01-08,26.85
"2278",2014-01-09,28.25
"2279",2014-01-10,25.7
"2280",2014-01-11,26.5
"2281",2014-01-12,24.6
"2282",2014-01-13,25.3
"2283",2014-01-14,27.2
"2284",2014-01-15,28.7
"2285",2014-01-16,30.05
"2286",2014-01-17,30.6
"2287",2014-01-18,27.4
"2288",2014-01-19,28.45
"2289",2014-01-20,29.15
"2290",2014-01-21,29.45
"2291",2014-01-22,29.3
"2292",2014-01-23,27
"2293",2014-01-24,17.45
"2294",2014-01-25,19.1
"2295",2014-01-26,20.85
"2296",2014-01-27,22.65
"2297",2014-01-28,22.25
"2298",2014-01-29,23.25
"2299",2014-01-30,26
"2300",2014-01-31,27.8
"2301",2014-02-01,26.95
"2302",2014-02-02,25.45
"2303",2014-02-03,24.7
"2304",2014-02-04,26.05
"2305",2014-02-05,23.35
"2306",2014-02-06,23.9
"2307",2014-02-07,25.6
"2308",2014-02-08,25.55
"2309",2014-02-09,22.65
"2310",2014-02-10,25
"2311",2014-02-11,23.9
"2312",2014-02-12,24.6
"2313",2014-02-13,21.6
"2314",2014-02-14,17.05
"2315",2014-02-15,17.15
"2316",2014-02-16,18.55
"2317",2014-02-17,18.55
"2318",2014-02-18,20.8
"2319",2014-02-19,23.05
"2320",2014-02-20,22.6
"2321",2014-02-21,19.3
"2322",2014-02-22,20.2
"2323",2014-02-23,21.1
"2324",2014-02-24,18.05
"2325",2014-02-25,15.1
"2326",2014-02-26,14.75
"2327",2014-02-27,17
"2328",2014-02-28,19.25
"2329",2014-03-01,17.65
"2330",2014-03-02,18.4
"2331",2014-03-03,17.5
"2332",2014-03-04,18.45
"2333",2014-03-05,21.8
"2334",2014-03-06,20.3
"2335",2014-03-07,19.2
"2336",2014-03-08,21.3
"2337",2014-03-09,18.95
"2338",2014-03-10,18.15
"2339",2014-03-11,19.7
"2340",2014-03-12,20.3
"2341",2014-03-13,21.45
"2342",2014-03-14,18.55
"2343",2014-03-15,18.1
"2344",2014-03-16,20.6
"2345",2014-03-17,17.25
"2346",2014-03-18,13.2
"2347",2014-03-19,16.75
"2348",2014-03-20,18.55
"2349",2014-03-21,16.75
"2350",2014-03-22,14.75
"2351",2014-03-23,18.9
"2352",2014-03-24,19.75
"2353",2014-03-25,18.7
"2354",2014-03-26,17.45
"2355",2014-03-27,20.2
"2356",2014-03-28,21.7
"2357",2014-03-29,22.6
"2358",2014-03-30,17
"2359",2014-03-31,17.9
"2360",2014-04-01,16.85
"2361",2014-04-02,15.2
"2362",2014-04-03,17.2
"2363",2014-04-04,18.25
"2364",2014-04-05,20.75
"2365",2014-04-06,19.1
"2366",2014-04-07,17.6
"2367",2014-04-08,16.1
"2368",2014-04-09,16.45
"2369",2014-04-10,12.9
"2370",2014-04-11,13
"2371",2014-04-12,11.6
"2372",2014-04-13,12.35
"2373",2014-04-14,13.6
"2374",2014-04-15,16
"2375",2014-04-16,17.95
"2376",2014-04-17,12.15
"2377",2014-04-18,12.4
"2378",2014-04-19,15.15
"2379",2014-04-20,15
"2380",2014-04-21,16.55
"2381",2014-04-22,15.05
"2382",2014-04-23,16.55
"2383",2014-04-24,18.45
"2384",2014-04-25,18.5
"2385",2014-04-26,16.55
"2386",2014-04-27,14.8
"2387",2014-04-28,11.75
"2388",2014-04-29,12.5
"2389",2014-04-30,13.1
"2390",2014-05-01,14.65
"2391",2014-05-02,15.9
"2392",2014-05-03,17.6
"2393",2014-05-04,17
"2394",2014-05-05,16.7
"2395",2014-05-06,17.15
"2396",2014-05-07,18.95
"2397",2014-05-08,16.7
"2398",2014-05-09,17.3
"2399",2014-05-10,14.25
"2400",2014-05-11,12.65
"2401",2014-05-12,14.05
"2402",2014-05-13,13.75
"2403",2014-05-14,15.4
"2404",2014-05-15,15.2
"2405",2014-05-16,15.4
"2406",2014-05-17,13.1
"2407",2014-05-18,12.05
"2408",2014-05-19,13.1
"2409",2014-05-20,13.05
"2410",2014-05-21,9.65
"2411",2014-05-22,7.3
"2412",2014-05-23,7.45
"2413",2014-05-24,9.25
"2414",2014-05-25,11.25
"2415",2014-05-26,9.65
"2416",2014-05-27,13.2
"2417",2014-05-28,12.65
"2418",2014-05-29,15.15
"2419",2014-05-30,13.1
"2420",2014-05-31,11.6
"2421",2014-06-01,10.8
"2422",2014-06-02,14.5
"2423",2014-06-03,15.25
"2424",2014-06-04,13.05
"2425",2014-06-05,10.55
"2426",2014-06-06,8.15
"2427",2014-06-07,8.2
"2428",2014-06-08,8.45
"2429",2014-06-09,13.55
"2430",2014-06-10,14.3
"2431",2014-06-11,15.4
"2432",2014-06-12,9.4
"2433",2014-06-13,6.85
"2434",2014-06-14,9.2
"2435",2014-06-15,10.6
"2436",2014-06-16,9
"2437",2014-06-17,12.1
"2438",2014-06-18,9.8
"2439",2014-06-19,10.2
"2440",2014-06-20,10.95
"2441",2014-06-21,12.65
"2442",2014-06-22,13.5
"2443",2014-06-23,13.15
"2444",2014-06-24,13.85
"2445",2014-06-25,7.9
"2446",2014-06-26,9.35
"2447",2014-06-27,7.6
"2448",2014-06-28,7.05
"2449",2014-06-29,10.7
"2450",2014-06-30,10.2
"2451",2014-07-01,10.6
"2452",2014-07-02,14.45
"2453",2014-07-03,9.1
"2454",2014-07-04,11.2
"2455",2014-07-05,6.25
"2456",2014-07-06,5.65
"2457",2014-07-07,12.1
"2458",2014-07-08,12.1
"2459",2014-07-09,11.05
"2460",2014-07-10,9.25
"2461",2014-07-11,8.3
"2462",2014-07-12,11
"2463",2014-07-13,9.85
"2464",2014-07-14,18.15
"2465",2014-07-15,13.4
"2466",2014-07-16,11.5
"2467",2014-07-17,10.45
"2468",2014-07-18,11
"2469",2014-07-19,15.4
"2470",2014-07-20,14.4
"2471",2014-07-21,14.75
"2472",2014-07-22,9.5
"2473",2014-07-23,3.95
"2474",2014-07-24,5.05
"2475",2014-07-25,7.9
"2476",2014-07-26,6.55
"2477",2014-07-27,9.05
"2478",2014-07-28,10.95
"2479",2014-07-29,14.5
"2480",2014-07-30,14.35
"2481",2014-07-31,17.4
"2482",2014-08-01,17.95
"2483",2014-08-02,19.8
"2484",2014-08-03,16.45
"2485",2014-08-04,11.75
"2486",2014-08-05,14.45
"2487",2014-08-06,10.1
"2488",2014-08-07,8.2
"2489",2014-08-08,11.65
"2490",2014-08-09,13.5
"2491",2014-08-10,10.25
"2492",2014-08-11,9.8
"2493",2014-08-12,7.3
"2494",2014-08-13,7.15
"2495",2014-08-14,12.25
"2496",2014-08-15,14.7
"2497",2014-08-16,16.2
"2498",2014-08-17,16.4
"2499",2014-08-18,21.4
"2500",2014-08-19,22.4
"2501",2014-08-20,22.8
"2502",2014-08-21,21.25
"2503",2014-08-22,15.15
"2504",2014-08-23,10.3
"2505",2014-08-24,8.75
"2506",2014-08-25,8.95
"2507",2014-08-26,9.2
"2508",2014-08-27,9
"2509",2014-08-28,11.95
"2510",2014-08-29,14.3
"2511",2014-08-30,18.05
"2512",2014-08-31,15.15
"2513",2014-09-01,19.6
"2514",2014-09-02,14.25
"2515",2014-09-03,17.1
"2516",2014-09-04,16.35
"2517",2014-09-05,12.3
"2518",2014-09-06,11.7
"2519",2014-09-07,15.4
"2520",2014-09-08,19.7
"2521",2014-09-09,15
"2522",2014-09-10,12.6
"2523",2014-09-11,13.5
"2524",2014-09-12,20.85
"2525",2014-09-13,14.65
"2526",2014-09-14,13.05
"2527",2014-09-15,13.2
"2528",2014-09-16,18.4
"2529",2014-09-17,18.65
"2530",2014-09-18,19.75
"2531",2014-09-19,16.45
"2532",2014-09-20,14.9
"2533",2014-09-21,19.15
"2534",2014-09-22,16.6
"2535",2014-09-23,16.45
"2536",2014-09-24,14.95
"2537",2014-09-25,18.5
"2538",2014-09-26,12.55
"2539",2014-09-27,14.95
"2540",2014-09-28,20
"2541",2014-09-29,18.3
"2542",2014-09-30,14.5
"2543",2014-10-01,15.45
"2544",2014-10-02,20
"2545",2014-10-03,20.1
"2546",2014-10-04,16.85
"2547",2014-10-05,NA
"2548",2014-10-06,21.5
"2549",2014-10-07,21.3
"2550",2014-10-08,23.05
"2551",2014-10-09,14.5
"2552",2014-10-10,13.45
"2553",2014-10-11,14.1
"2554",2014-10-12,18.55
"2555",2014-10-13,19.85
"2556",2014-10-14,21.65
"2557",2014-10-15,24.4
"2558",2014-10-16,22
"2559",2014-10-17,20.65
"2560",2014-10-18,18.5
"2561",2014-10-19,16.3
"2562",2014-10-20,20.3
"2563",2014-10-21,23.2
"2564",2014-10-22,25.45
"2565",2014-10-23,26.65
"2566",2014-10-24,26.55
"2567",2014-10-25,27.3
"2568",2014-10-26,27.6
"2569",2014-10-27,21.55
"2570",2014-10-28,25
"2571",2014-10-29,23.45
"2572",2014-10-30,19
"2573",2014-10-31,16.4
"2574",2014-11-01,16.35
"2575",2014-11-02,9.9
"2576",2014-11-03,13.9
"2577",2014-11-04,16.4
"2578",2014-11-05,20.35
"2579",2014-11-06,22.7
"2580",2014-11-07,23.35
"2581",2014-11-08,22.85
"2582",2014-11-09,25.65
"2583",2014-11-10,24.65
"2584",2014-11-11,21.6
"2585",2014-11-12,18.1
"2586",2014-11-13,18.1
"2587",2014-11-14,21
"2588",2014-11-15,23.9
"2589",2014-11-16,26.45
"2590",2014-11-17,25.35
"2591",2014-11-18,25.75
"2592",2014-11-19,20.75
"2593",2014-11-20,17.35
"2594",2014-11-21,16.25
"2595",2014-11-22,18.35
"2596",2014-11-23,23.45
"2597",2014-11-24,20.2
"2598",2014-11-25,20.1
"2599",2014-11-26,20.15
"2600",2014-11-27,24.2
"2601",2014-11-28,24.8
"2602",2014-11-29,18.85
"2603",2014-11-30,15.7
"2604",2014-12-01,15
"2605",2014-12-02,18.05
"2606",2014-12-03,22.2
"2607",2014-12-04,26.25
"2608",2014-12-05,26.95
"2609",2014-12-06,27.3
"2610",2014-12-07,24.05
"2611",2014-12-08,23.85
"2612",2014-12-09,27.15
"2613",2014-12-10,24.65
"2614",2014-12-11,21.55
"2615",NA,NA
"2616",NA,NA
"2617",NA,NA
"2618",NA,NA
"2619",2014-12-16,23.6
"2620",2014-12-17,20.6
"2621",2014-12-18,22.35
"2622",2014-12-19,25.45
"2623",2014-12-20,20.35
"2624",2014-12-21,13.3
"2625",2014-12-22,14.15
"2626",2014-12-23,19.1
"2627",2014-12-24,21.75
"2628",2014-12-25,24.9
"2629",2014-12-26,24.4
"2630",2014-12-27,24.35
"2631",2014-12-28,23.7
"2632",2014-12-29,25.7
"2633",2014-12-30,27.05
"2634",2014-12-31,20.8
"2635",2015-01-02,23.6
"2636",2015-01-03,22.15
"2637",2015-01-04,24.8
"2638",2015-01-05,27.65
"2639",2015-01-06,27.9
"2640",2015-01-07,22.25
"2641",2015-01-08,24.3
"2642",2015-01-09,25.8
"2643",2015-01-10,26
"2644",2015-01-11,23.95
"2645",2015-01-12,24.85
"2646",2015-01-13,25
"2647",2015-01-14,23.55
"2648",NA,NA
"2649",2015-01-16,27.95
"2650",2015-01-17,25.8
"2651",2015-01-18,26.55
"2652",2015-01-19,22.65
"2653",2015-01-20,21.95
"2654",2015-01-21,22.55
"2655",2015-01-22,24.4
"2656",2015-01-23,26.15
"2657",2015-01-24,27.95
"2658",2015-01-25,29
"2659",2015-01-26,28
"2660",2015-01-27,28.85
"2661",2015-01-28,22.85
"2662",2015-01-29,25.95
"2663",2015-01-30,23.45
"2664",2015-01-31,24.7
"2665",2015-02-01,26.2
"2666",2015-02-02,26.4
"2667",2015-02-03,24.7
"2668",2015-02-04,25.8
"2669",2015-02-05,25.9
"2670",2015-02-06,27.4
"2671",2015-02-07,26.15
"2672",2015-02-08,21.75
"2673",2015-02-09,20.85
"2674",2015-02-10,21.45
"2675",2015-02-11,23.55
"2676",2015-02-12,24.65
"2677",2015-02-13,23.8
"2678",2015-02-14,24.6
"2679",2015-02-15,20
"2680",2015-02-16,25.65
"2681",2015-02-17,23.15
"2682",2015-02-18,18.15
"2683",2015-02-19,19.8
"2684",2015-02-20,16.15
"2685",2015-02-21,17.15
"2686",2015-02-22,20.9
"2687",2015-02-23,22.4
"2688",2015-02-24,24.65
"2689",2015-02-25,15.55
"2690",2015-02-26,13.95
"2691",2015-02-27,17.65
"2692",2015-02-28,18.9
"2693",2015-03-01,18.3
"2694",2015-03-02,25.65
"2695",2015-03-03,23.2
"2696",2015-03-04,21.2
"2697",2015-03-05,23.6
"2698",2015-03-06,24.15
"2699",2015-03-07,25.2
"2700",2015-03-08,25.45
"2701",2015-03-09,25.65
"2702",2015-03-10,25.85
"2703",2015-03-11,25.75
"2704",2015-03-12,25.35
"2705",2015-03-13,23.4
"2706",2015-03-14,20.25
"2707",2015-03-15,20
"2708",2015-03-16,22.7
"2709",2015-03-17,27.85
"2710",2015-03-18,25.15
"2711",2015-03-19,25.25
"2712",2015-03-20,27.7
"2713",2015-03-21,19.55
"2714",2015-03-22,18.4
"2715",2015-03-23,18.15
"2716",2015-03-24,15.95
"2717",2015-03-25,15
"2718",2015-03-26,12.95
"2719",2015-03-27,16.65
"2720",2015-03-28,18.8
"2721",2015-03-29,20.45
"2722",2015-03-30,16.55
"2723",2015-03-31,16.9
"2724",2015-04-01,20.7
"2725",2015-04-02,21.65
"2726",2015-04-03,23.8
"2727",2015-04-04,17.05
"2728",2015-04-05,18.05
"2729",2015-04-06,19.9
"2730",2015-04-07,19.25
"2731",2015-04-08,19.7
"2732",2015-04-09,21.6
"2733",2015-04-10,22.75
"2734",2015-04-11,23
"2735",2015-04-12,22.65
"2736",2015-04-13,24.15
"2737",2015-04-14,18
"2738",2015-04-15,18.85
"2739",2015-04-16,17.6
"2740",2015-04-17,16
"2741",2015-04-18,15.85
"2742",2015-04-19,19
"2743",2015-04-20,17
"2744",2015-04-21,12.15
"2745",2015-04-22,15.2
"2746",2015-04-23,17.55
"2747",2015-04-24,19.15
"2748",2015-04-25,19.45
"2749",2015-04-26,20.15
"2750",2015-04-27,20
"2751",2015-04-28,16.75
"2752",2015-04-29,16.35
"2753",2015-04-30,16.95
"2754",2015-05-01,18.2
"2755",2015-05-02,13.1
"2756",2015-05-03,10.95
"2757",2015-05-04,10.75
"2758",2015-05-05,15.1
"2759",2015-05-06,13.9
"2760",2015-05-07,12.5
"2761",2015-05-08,14.25
"2762",2015-05-09,16.25
"2763",2015-05-10,13.95
"2764",2015-05-11,14.45
"2765",2015-05-12,15.9
"2766",2015-05-13,18.05
"2767",2015-05-14,16.85
"2768",2015-05-15,16.5
"2769",2015-05-16,17.15
"2770",2015-05-17,18
"2771",2015-05-18,17.7
"2772",2015-05-19,17.35
"2773",2015-05-20,20.85
"2774",2015-05-21,19.1
"2775",2015-05-22,14.9
"2776",2015-05-23,15.25
"2777",2015-05-24,9.8
"2778",2015-05-25,9.5
"2779",2015-05-26,12.4
"2780",2015-05-27,10.7
"2781",2015-05-28,13.75
"2782",2015-05-29,13.45
"2783",2015-05-30,12.25
"2784",2015-05-31,11.5
"2785",2015-06-01,16.65
"2786",2015-06-02,15.2
"2787",2015-06-03,16.8
"2788",2015-06-04,15.75
"2789",2015-06-05,18.05
"2790",2015-06-06,18.4
"2791",2015-06-07,12.8
"2792",2015-06-08,14.15
"2793",2015-06-09,12.55
"2794",2015-06-10,10.3
"2795",2015-06-11,9.55
"2796",2015-06-12,7.75
"2797",2015-06-13,11.2
"2798",2015-06-14,7.85
"2799",2015-06-15,8.9
"2800",2015-06-16,11.2
"2801",2015-06-17,9.5
"2802",2015-06-18,7.3
"2803",2015-06-19,8.05
"2804",2015-06-20,10.6
"2805",2015-06-21,8.8
"2806",2015-06-22,9.15
"2807",2015-06-23,8.5
"2808",2015-06-24,7.8
"2809",2015-06-25,9.4
"2810",2015-06-26,13.5
"2811",2015-06-27,13.75
"2812",2015-06-28,13.2
"2813",2015-06-29,11.55
"2814",2015-06-30,11.25
"2815",2015-07-01,11.65
"2816",2015-07-02,13
"2817",2015-07-03,8
"2818",2015-07-04,6.9
"2819",2015-07-05,8.7
"2820",2015-07-06,7.85
"2821",2015-07-07,10.2
"2822",2015-07-08,12.55
"2823",2015-07-09,13.8
"2824",2015-07-10,10.95
"2825",2015-07-11,9.15
"2826",2015-07-12,12.15
"2827",2015-07-13,9.55
"2828",2015-07-14,8.25
"2829",2015-07-15,8.65
"2830",2015-07-16,8.35
"2831",2015-07-17,10.1
"2832",2015-07-18,9.35
"2833",2015-07-19,8.8
"2834",NA,NA
"2835",2015-07-21,8.4
"2836",2015-07-22,8.2
"2837",2015-07-23,7.7
"2838",2015-07-24,9.8
"2839",2015-07-25,13.55
"2840",2015-07-26,15.85
"2841",2015-07-27,18.3
"2842",2015-07-28,14.8
"2843",2015-07-29,11.15
"2844",2015-07-30,13.95
"2845",2015-07-31,11.8
"2846",2015-08-01,12
"2847",2015-08-02,16.75
"2848",2015-08-03,12.3
"2849",2015-08-04,12.65
"2850",2015-08-05,14.15
"2851",2015-08-06,17.35
"2852",2015-08-07,14.5
"2853",2015-08-08,10.65
"2854",2015-08-09,10.6
"2855",2015-08-10,12.2
"2856",2015-08-11,8.95
"2857",2015-08-12,7.25
"2858",2015-08-13,6.4
"2859",2015-08-14,8
"2860",2015-08-15,10.25
"2861",2015-08-16,10.05
"2862",2015-08-17,10.3
"2863",2015-08-18,12.5
"2864",2015-08-19,12.75
"2865",2015-08-20,15.7
"2866",2015-08-21,15.95
"2867",2015-08-22,14.5
"2868",2015-08-23,13.8
"2869",2015-08-24,14.35
"2870",2015-08-25,16.05
"2871",2015-08-26,16.3
"2872",2015-08-27,12.7
"2873",2015-08-28,20.15
"2874",2015-08-29,24.75
"2875",2015-08-30,18.2
"2876",2015-08-31,16.75
"2877",2015-09-01,12.65
"2878",2015-09-02,13.2
"2879",2015-09-03,12.1
"2880",2015-09-04,13.85
"2881",2015-09-05,15.6
"2882",2015-09-06,17.1
"2883",2015-09-07,16.95
"2884",2015-09-08,15.1
"2885",2015-09-09,10.1
"2886",2015-09-10,6.75
"2887",2015-09-11,9.75
"2888",2015-09-12,13.15
"2889",2015-09-13,14
"2890",2015-09-14,17
"2891",2015-09-15,18.15
"2892",2015-09-16,14.65
"2893",2015-09-17,12.35
"2894",2015-09-18,11.45
"2895",2015-09-19,13.55
"2896",2015-09-20,16.8
"2897",2015-09-21,12.8
"2898",2015-09-22,9.6
"2899",2015-09-23,11.65
"2900",2015-09-24,13.75
"2901",2015-09-25,11.95
"2902",2015-09-26,13.5
"2903",2015-09-27,14.45
"2904",2015-09-28,20.7
"2905",2015-09-29,17.6
"2906",2015-09-30,16.9
"2907",2015-10-01,17.55
"2908",2015-10-02,10.3
"2909",2015-10-03,10.35
"2910",2015-10-04,16.25
"2911",2015-10-05,19.15
"2912",2015-10-06,14.45
"2913",2015-10-07,11.4
"2914",2015-10-08,12.7
"2915",2015-10-09,8.4
"2916",NA,NA
"2917",NA,NA
"2918",2015-10-12,15.2
"2919",2015-10-13,17.7
"2920",2015-10-14,18.4
"2921",2015-10-15,14.05
"2922",2015-10-16,14.55
"2923",2015-10-17,17.95
"2924",2015-10-18,17.25
"2925",2015-10-19,16.65
"2926",2015-10-20,15.7
"2927",2015-10-21,20.3
"2928",2015-10-22,18.05
"2929",2015-10-23,14.5
"2930",2015-10-24,10.2
"2931",2015-10-25,12.7
"2932",2015-10-26,15.95
"2933",2015-10-27,17.35
"2934",2015-10-28,22.95
"2935",2015-10-29,19.35
"2936",2015-10-30,17.55
"2937",2015-10-31,15.25
"2938",2015-11-01,16
"2939",2015-11-02,15.55
"2940",2015-11-03,16.4
"2941",2015-11-04,13.6
"2942",2015-11-05,15.5
"2943",2015-11-06,17.1
"2944",2015-11-07,19.6
"2945",2015-11-08,19.75
"2946",2015-11-09,22
"2947",2015-11-10,19.5
"2948",2015-11-11,19.5
"2949",2015-11-12,16.9
"2950",2015-11-13,18.3
"2951",2015-11-14,21.15
"2952",2015-11-15,23.8
"2953",2015-11-16,23.2
"2954",2015-11-17,18.9
"2955",2015-11-18,20.4
"2956",2015-11-19,13.6
"2957",2015-11-20,NA
"2958",2015-11-21,NA
"2959",NA,NA
"2960",2015-11-23,17.75
"2961",2015-11-24,19.6
"2962",2015-11-25,21.5
"2963",2015-11-26,18.15
"2964",2015-11-27,14.55
"2965",2015-11-28,NA
"2966",NA,NA
"2967",2015-11-30,23.5
"2968",2015-12-01,23.1
"2969",2015-12-02,19.7
"2970",2015-12-03,19.4
"2971",2015-12-04,21.8
"2972",2015-12-05,19.35
"2973",2015-12-06,19.85
"2974",2015-12-07,23
"2975",2015-12-08,19.2
"2976",2015-12-09,20.35
"2977",2015-12-10,23.95
"2978",2015-12-11,26.45
"2979",2015-12-12,25.35
"2980",2015-12-13,22.75
"2981",2015-12-14,23.4
"2982",2015-12-15,20.9
"2983",2015-12-16,23.7
"2984",2015-12-17,20.95
"2985",2015-12-18,18
"2986",2015-12-19,17.8
"2987",2015-12-20,21.05
"2988",2015-12-21,24.65
"2989",2015-12-22,25.4
"2990",2015-12-23,25.65
"2991",2015-12-24,22.8
"2992",2015-12-25,26.45
"2993",2015-12-26,28.35
"2994",2015-12-27,30.2
"2995",2015-12-28,28.9
"2996",2015-12-29,27.25
"2997",2015-12-30,25.95
"2998",2015-12-31,23
"2999",2016-01-01,24.9
"3000",2016-01-02,26.6
"3001",2016-01-03,21.25
"3002",2016-01-04,22.7
"3003",2016-01-05,21.7
"3004",NA,NA
"3005",NA,NA
"3006",NA,NA
"3007",NA,NA
"3008",NA,NA
"3009",2016-01-11,26.4
"3010",2016-01-12,22.55
"3011",2016-01-13,24.25
"3012",2016-01-14,23.65
"3013",2016-01-15,22.3
"3014",2016-01-16,24.95
"3015",2016-01-17,26.65
"3016",2016-01-18,25.8
"3017",2016-01-19,28.35
"3018",2016-01-20,28.75
"3019",2016-01-21,27.05
"3020",2016-01-22,29.95
"3021",2016-01-23,28.9
"3022",2016-01-24,24.15
"3023",2016-01-25,18.5
"3024",2016-01-26,20.05
"3025",2016-01-27,23.95
"3026",2016-01-28,24.95
"3027",2016-01-29,23.15
"3028",2016-01-30,23.95
"3029",2016-01-31,21.55
"3030",2016-02-01,23.05
"3031",2016-02-02,23.25
"3032",2016-02-03,23.2
"3033",2016-02-04,24.45
"3034",2016-02-05,19.15
"3035",2016-02-06,25.95
"3036",2016-02-07,24.5
"3037",2016-02-08,23.35
"3038",2016-02-09,23.95
"3039",2016-02-10,25.45
"3040",2016-02-11,26.6
"3041",2016-02-12,26.85
"3042",2016-02-13,24.3
"3043",2016-02-14,24
"3044",2016-02-15,26.55
"3045",2016-02-16,26.3
"3046",2016-02-17,24.3
"3047",2016-02-18,25.75
"3048",2016-02-19,25.75
"3049",2016-02-20,26
"3050",2016-02-21,23.95
"3051",2016-02-22,26.6
"3052",2016-02-23,23.3
"3053",2016-02-24,26.35
"3054",2016-02-25,23.3
"3055",2016-02-26,21.95
"3056",2016-02-27,20.2
"3057",2016-02-28,22.4
"3058",2016-02-29,24.2
"3059",2016-03-01,22.5
"3060",2016-03-02,21.15
"3061",2016-03-03,22.95
"3062",2016-03-04,21.85
"3063",2016-03-05,21.55
"3064",2016-03-06,20.65
"3065",2016-03-07,19.25
"3066",2016-03-08,21.45
"3067",2016-03-09,20.65
"3068",2016-03-10,19.45
"3069",2016-03-11,19.35
"3070",2016-03-12,21.3
"3071",2016-03-13,20.65
"3072",2016-03-14,22.3
"3073",2016-03-15,23.1
"3074",2016-03-16,24.3
"3075",2016-03-17,26.4
"3076",2016-03-18,16.8
"3077",2016-03-19,15.85
"3078",2016-03-20,16.55
"3079",2016-03-21,17.65
"3080",2016-03-22,19.65
"3081",2016-03-23,20.6
"3082",2016-03-24,18.75
"3083",2016-03-25,17
"3084",2016-03-26,17.4
"3085",2016-03-27,19
"3086",2016-03-28,20.7
"3087",2016-03-29,22.15
"3088",2016-03-30,22.75
"3089",2016-03-31,23.05
"3090",2016-04-01,18.95
"3091",2016-04-02,22.3
"3092",2016-04-03,20.25
"3093",2016-04-04,17.05
"3094",2016-04-05,16.05
"3095",2016-04-06,17.85
"3096",2016-04-07,19
"3097",2016-04-08,15.9
"3098",2016-04-09,16.45
"3099",2016-04-10,14.4
"3100",2016-04-11,12.8
"3101",2016-04-12,13.85
"3102",2016-04-13,17.35
"3103",2016-04-14,17.1
"3104",2016-04-15,21.95
"3105",2016-04-16,18.1
"3106",2016-04-17,13.2
"3107",2016-04-18,13.3
"3108",2016-04-19,13.7
"3109",2016-04-20,14.9
"3110",2016-04-21,15.1
"3111",2016-04-22,17.45
"3112",2016-04-23,20.35
"3113",2016-04-24,11.65
"3114",2016-04-25,6.85
"3115",2016-04-26,6.6
"3116",2016-04-27,6.9
"3117",2016-04-28,7.8
"3118",2016-04-29,12.15
"3119",2016-04-30,10.85
"3120",2016-05-01,13.05
"3121",2016-05-02,12.25
"3122",2016-05-03,12.8
"3123",2016-05-04,13.8
"3124",2016-05-05,14.05
"3125",2016-05-06,12.65
"3126",2016-05-07,14.35
"3127",2016-05-08,15.4
"3128",2016-05-09,13.9
"3129",2016-05-10,14.15
"3130",2016-05-11,13.45
"3131",2016-05-12,14.4
"3132",2016-05-13,12.85
"3133",2016-05-14,12.85
"3134",2016-05-15,11.8
"3135",2016-05-16,10.05
"3136",2016-05-17,9.85
"3137",2016-05-18,9.75
"3138",2016-05-19,10.85
"3139",2016-05-20,10.6
"3140",2016-05-21,10
"3141",2016-05-22,10.6
"3142",2016-05-23,11.9
"3143",2016-05-24,11.8
"3144",2016-05-25,11.85
"3145",2016-05-26,9.95
"3146",2016-05-27,9.45
"3147",2016-05-28,10.8
"3148",2016-05-29,10.95
"3149",2016-05-30,9.3
"3150",2016-05-31,8.85
"3151",2016-06-01,8
"3152",2016-06-02,7
"3153",2016-06-03,8.2
"3154",2016-06-04,7.95
"3155",2016-06-05,5.8
"3156",2016-06-06,7.1
"3157",2016-06-07,8
"3158",2016-06-08,8.1
"3159",2016-06-09,11.45
"3160",2016-06-10,5.6
"3161",2016-06-11,4.75
"3162",2016-06-12,7.95
"3163",2016-06-13,10.1
"3164",2016-06-14,9.9
"3165",2016-06-15,10.2
"3166",2016-06-16,9.3
"3167",2016-06-17,9.1
"3168",2016-06-18,9.6
"3169",2016-06-19,8.3
"3170",2016-06-20,11
"3171",2016-06-21,9.9
"3172",2016-06-22,10.2
"3173",2016-06-23,10.05
"3174",2016-06-24,6.65
"3175",2016-06-25,7.85
"3176",2016-06-26,4.35
"3177",2016-06-27,4
"3178",2016-06-28,8.2
"3179",2016-06-29,10.65
"3180",2016-06-30,9.55
"3181",2016-07-01,8.25
"3182",2016-07-02,8.05
"3183",2016-07-03,8.05
"3184",2016-07-04,8.25
"3185",2016-07-05,7.3
"3186",2016-07-06,10.4
"3187",2016-07-07,10.05
"3188",2016-07-08,13.35
"3189",2016-07-09,10.6
"3190",2016-07-10,9.35
"3191",2016-07-11,13.1
"3192",2016-07-12,10.25
"3193",2016-07-13,10.25
"3194",2016-07-14,12.35
"3195",2016-07-15,8.2
"3196",2016-07-16,7.5
"3197",2016-07-17,5.85
"3198",2016-07-18,7.8
"3199",2016-07-19,6.8
"3200",2016-07-20,9.25
"3201",2016-07-21,11.4
"3202",2016-07-22,11.7
"3203",2016-07-23,15.15
"3204",2016-07-24,8.65
"3205",2016-07-25,7.5
"3206",2016-07-26,7.6
"3207",2016-07-27,8.3
"3208",2016-07-28,7.55
"3209",2016-07-29,10.4
"3210",2016-07-30,11.2
"3211",2016-07-31,9.75
"3212",2016-08-01,11.15
"3213",2016-08-02,12.95
"3214",2016-08-03,12.55
"3215",2016-08-04,14
"3216",2016-08-05,14
"3217",2016-08-06,11.9
"3218",2016-08-07,11.65
"3219",2016-08-08,14.75
"3220",2016-08-09,12.5
"3221",2016-08-10,16.05
"3222",2016-08-11,14.8
"3223",2016-08-12,14.65
"3224",2016-08-13,19
"3225",2016-08-14,16.15
"3226",2016-08-15,17.7
"3227",2016-08-16,19.15
"3228",2016-08-17,13.6
"3229",2016-08-18,13.85
"3230",2016-08-19,10.6
"3231",2016-08-20,8.5
"3232",2016-08-21,7.8
"3233",2016-08-22,14.35
"3234",2016-08-23,15.6
"3235",2016-08-24,18.3
"3236",2016-08-25,20.65
"3237",2016-08-26,15.45
"3238",2016-08-27,13
"3239",2016-08-28,11.1
"3240",2016-08-29,10.3
"3241",2016-08-30,13.45
"3242",2016-08-31,12.05
"3243",2016-09-01,10.55
"3244",2016-09-02,9.45
"3245",2016-09-03,8.45
"3246",2016-09-04,6.35
"3247",2016-09-05,6.25
"3248",2016-09-06,6.8
"3249",2016-09-07,10.65
"3250",2016-09-08,17
"3251",2016-09-09,19.1
"3252",2016-09-10,20.55
"3253",2016-09-11,19.6
"3254",2016-09-12,17.7
"3255",2016-09-13,13.4
"3256",2016-09-14,12.75
"3257",2016-09-15,15.45
"3258",2016-09-16,19.05
"3259",2016-09-17,18.45
"3260",2016-09-18,16.95
"3261",2016-09-19,15.45
"3262",2016-09-20,18
"3263",2016-09-21,20.5
"3264",2016-09-22,19.35
"3265",2016-09-23,13.95
"3266",2016-09-24,11.45
"3267",2016-09-25,15.7
"3268",2016-09-26,19.3
"3269",2016-09-27,21.7
"3270",2016-09-28,18.05
"3271",2016-09-29,17.7
"3272",2016-09-30,15
"3273",2016-10-01,16.9
"3274",2016-10-02,19.85
"3275",2016-10-03,20.25
"3276",2016-10-04,15.95
"3277",2016-10-05,14.8
"3278",2016-10-06,14.7
"3279",2016-10-07,15.7
"3280",2016-10-08,13.5
"3281",2016-10-09,18.75
"3282",2016-10-10,20.75
"3283",2016-10-11,22.05
"3284",2016-10-12,23
"3285",2016-10-13,19.55
"3286",2016-10-14,19.5
"3287",2016-10-15,21.5
"3288",2016-10-16,17.25
"3289",2016-10-17,17.95
"3290",2016-10-18,14.8
"3291",2016-10-19,11.3
"3292",2016-10-20,10.8
"3293",2016-10-21,12.2
"3294",2016-10-22,17.4
"3295",2016-10-23,21.2
"3296",2016-10-24,13.4
"3297",2016-10-25,14.2
"3298",2016-10-26,17.9
"3299",2016-10-27,17.15
"3300",2016-10-28,16.5
"3301",2016-10-29,20.9
"3302",2016-10-30,20.4
"3303",2016-10-31,18.5
"3304",2016-11-01,14.7
"3305",2016-11-02,12.15
"3306",2016-11-03,20.25
"3307",2016-11-04,24.35
"3308",2016-11-05,25.55
"3309",2016-11-06,26.7
"3310",2016-11-07,20.55
"3311",2016-11-08,22.55
"3312",2016-11-09,20.5
"3313",2016-11-10,21.8
"3314",2016-11-11,24.45
"3315",2016-11-12,22.35
"3316",2016-11-13,23.6
"3317",2016-11-14,21.75
"3318",2016-11-15,23.5
"3319",2016-11-16,18.25
"3320",2016-11-17,18
"3321",2016-11-18,18.8
"3322",2016-11-19,19.95
"3323",2016-11-20,20.45
"3324",2016-11-21,15.05
"3325",2016-11-22,16.5
"3326",2016-11-23,20.45
"3327",2016-11-24,17.75
"3328",2016-11-25,21.2
"3329",2016-11-26,20.6
"3330",2016-11-27,20.4
"3331",2016-11-28,18.7
"3332",2016-11-29,20.15
"3333",2016-11-30,23.75
"3334",2016-12-01,24.85
"3335",2016-12-02,21.6
"3336",2016-12-03,23.5
"3337",2016-12-04,26.4
"3338",2016-12-05,21.6
"3339",2016-12-06,23.25
"3340",2016-12-07,22.95
"3341",2016-12-08,19.9
"3342",2016-12-09,17.5
"3343",2016-12-10,20.8
"3344",2016-12-11,24.3
"3345",2016-12-12,26.95
"3346",2016-12-13,20.05
"3347",2016-12-14,19.95
"3348",2016-12-15,23.55
"3349",2016-12-16,25.9
"3350",2016-12-17,27.95
"3351",2016-12-18,20.7
"3352",2016-12-19,21.9
"3353",2016-12-20,26.35
"3354",2016-12-21,27.25
"3355",2016-12-22,19.8
"3356",2016-12-23,23
"3357",2016-12-24,24
"3358",2016-12-25,28.95
"3359",2016-12-26,17.15
"3360",2016-12-27,18.95
"3361",2016-12-28,21.15
"3362",2016-12-29,26.75
"3363",2016-12-30,28.6
"3364",2016-12-31,29.9
"3365",2017-01-01,24
"3366",2017-01-02,24.85
"3367",2017-01-03,27.55
"3368",2017-01-04,24.75
"3369",2017-01-05,24.45
"3370",2017-01-06,24.2
"3371",2017-01-07,27.35
"3372",2017-01-08,25.9
"3373",2017-01-09,27.05
"3374",2017-01-10,24.35
"3375",2017-01-11,25.75
"3376",2017-01-12,27.6
"3377",2017-01-13,22.65
"3378",2017-01-14,25.7
"3379",2017-01-15,21.45
"3380",2017-01-16,23.45
"3381",2017-01-17,24.95
"3382",2017-01-18,28.4
"3383",2017-01-19,28.25
"3384",2017-01-20,29.2
"3385",2017-01-21,28.65
"3386",2017-01-22,28.7
"3387",2017-01-23,25.9
"3388",2017-01-24,25.3
"3389",2017-01-25,26.8
"3390",2017-01-26,25.45
"3391",2017-01-27,25.55
"3392",2017-01-28,27
"3393",2017-01-29,27.5
"3394",2017-01-30,28.4
"3395",2017-01-31,28.75
"3396",2017-02-01,26.05
"3397",2017-02-02,24.05
"3398",2017-02-03,23.4
"3399",2017-02-04,19.65
"3400",2017-02-05,16.9
"3401",2017-02-06,18.6
"3402",2017-02-07,21.05
"3403",2017-02-08,24.35
"3404",2017-02-09,20.5
"3405",2017-02-10,20.9
"3406",2017-02-11,22.15
"3407",2017-02-12,23
"3408",2017-02-13,23.05
"3409",2017-02-14,22.8
"3410",2017-02-15,25.1
"3411",2017-02-16,23.7
"3412",2017-02-17,26.85
"3413",2017-02-18,24.4
"3414",2017-02-19,24.4
"3415",2017-02-20,26.05
"3416",2017-02-21,28.4
"3417",2017-02-22,29.15
"3418",2017-02-23,29.5
"3419",2017-02-24,28.9
"3420",2017-02-25,23.15
"3421",2017-02-26,24.65
"3422",2017-02-27,25.3
"3423",2017-02-28,26.5
"3424",2017-03-01,27.15
"3425",2017-03-02,23.9
"3426",2017-03-03,19.8
"3427",2017-03-04,19.75
"3428",2017-03-05,21.95
"3429",2017-03-06,23.55
"3430",2017-03-07,23.7
"3431",2017-03-08,25.6
"3432",2017-03-09,22.6
"3433",2017-03-10,19.85
"3434",2017-03-11,22.1
"3435",2017-03-12,20.3
"3436",2017-03-13,20.55
"3437",2017-03-14,22.85
"3438",2017-03-15,21.15
"3439",2017-03-16,18.1
"3440",2017-03-17,18.2
"3441",2017-03-18,19.05
"3442",2017-03-19,20.15
"3443",2017-03-20,18.3
"3444",2017-03-21,20.2
"3445",2017-03-22,21.85
"3446",2017-03-23,22.1
"3447",2017-03-24,23.55
"3448",2017-03-25,20.7
"3449",2017-03-26,20.6
"3450",2017-03-27,23.25
"3451",2017-03-28,22.15
"3452",2017-03-29,19.6
"3453",2017-03-30,18
"3454",2017-03-31,17.25
"3455",2017-04-01,18
"3456",2017-04-02,16.45
"3457",2017-04-03,17.95
"3458",2017-04-04,20.3
"3459",2017-04-05,19.25
"3460",2017-04-06,18.65
"3461",2017-04-07,17
"3462",2017-04-08,14.45
"3463",2017-04-09,14.3
"3464",2017-04-10,14.95
"3465",2017-04-11,16.2
"3466",2017-04-12,16.1
"3467",2017-04-13,16.75
"3468",2017-04-14,18
"3469",2017-04-15,16.5
"3470",2017-04-16,14.95
"3471",2017-04-17,16.25
"3472",2017-04-18,13.85
"3473",2017-04-19,16.65
"3474",2017-04-20,16.05
"3475",2017-04-21,15.95
"3476",2017-04-22,17.75
"3477",2017-04-23,16.45
"3478",2017-04-24,15.85
"3479",2017-04-25,12.1
"3480",2017-04-26,12.15
"3481",2017-04-27,12.7
"3482",2017-04-28,17.3
"3483",2017-04-29,17.15
"3484",2017-04-30,17.55
"3485",2017-05-01,17.8
"3486",2017-05-02,17
"3487",2017-05-03,15.95
"3488",2017-05-04,15.1
"3489",2017-05-05,18.25
"3490",2017-05-06,18.95
"3491",2017-05-07,20.1
"3492",2017-05-08,14.7
"3493",2017-05-09,12.1
"3494",2017-05-10,14.05
"3495",2017-05-11,12.9
"3496",2017-05-12,14.7
"3497",2017-05-13,12.6
"3498",2017-05-14,11.75
"3499",2017-05-15,12.65
"3500",2017-05-16,13.3
"3501",2017-05-17,14.45
"3502",2017-05-18,11.4
"3503",2017-05-19,8.25
"3504",2017-05-20,10.6
"3505",2017-05-21,12.45
"3506",2017-05-22,14.55
"3507",2017-05-23,10.15
"3508",2017-05-24,10.6
"3509",2017-05-25,9.4
"3510",2017-05-26,9.8
"3511",2017-05-27,8.4
"3512",2017-05-28,8.3
"3513",2017-05-29,8.85
"3514",2017-05-30,10.25
"3515",2017-05-31,9.3
"3516",2017-06-01,12.3
"3517",2017-06-02,9.45
"3518",2017-06-03,11.85
"3519",2017-06-04,11.45
"3520",2017-06-05,8.15
"3521",2017-06-06,7.05
"3522",2017-06-07,8.6
"3523",2017-06-08,6.15
"3524",2017-06-09,7.95
"3525",2017-06-10,14.5
"3526",2017-06-11,9.35
"3527",2017-06-12,7.8
"3528",2017-06-13,11.1
"3529",2017-06-14,11.05
"3530",2017-06-15,16.7
"3531",2017-06-16,18.25
"3532",2017-06-17,14.25
"3533",2017-06-18,4.05
"3534",2017-06-19,3.95
"3535",2017-06-20,5.55
"3536",2017-06-21,10.05
"3537",2017-06-22,13.6
"3538",2017-06-23,11.65
"3539",2017-06-24,12.45
"3540",2017-06-25,15.5
"3541",2017-06-26,10
"3542",2017-06-27,9
"3543",2017-06-28,8.5
"3544",2017-06-29,9.7
"3545",2017-06-30,10.5
"3546",2017-07-01,10.2
"3547",2017-07-02,11.8
"3548",2017-07-03,15.85
"3549",2017-07-04,12.3
"3550",2017-07-05,9.6
"3551",2017-07-06,11.9
"3552",2017-07-07,10.95
"3553",2017-07-08,9.7
"3554",2017-07-09,12.6
"3555",2017-07-10,8.85
"3556",2017-07-11,10.1
"3557",2017-07-12,10.7
"3558",2017-07-13,14.2
"3559",2017-07-14,9.55
"3560",2017-07-15,7.85
"3561",2017-07-16,0.5
"3562",2017-07-17,2.15
"3563",2017-07-18,8.8
"3564",2017-07-19,10.8
"3565",2017-07-20,12.3
"3566",2017-07-21,9.6
"3567",2017-07-22,14.6
"3568",2017-07-23,12.7
"3569",2017-07-24,8.45
"3570",2017-07-25,9.6
"3571",2017-07-26,12.15
"3572",2017-07-27,15.6
"3573",2017-07-28,17.55
"3574",2017-07-29,11.55
"3575",2017-07-30,7.7
"3576",2017-07-31,9.4
"3577",2017-08-01,7.9
"3578",2017-08-02,9.4
"3579",2017-08-03,10.8
"3580",2017-08-04,12.35
"3581",2017-08-05,15.1
"3582",2017-08-06,14.6
"3583",2017-08-07,14.35
"3584",2017-08-08,12.7
"3585",2017-08-09,10.95
"3586",2017-08-10,15.2
"3587",2017-08-11,10.3
"3588",2017-08-12,7.95
"3589",2017-08-13,8.5
"3590",2017-08-14,13.9
"3591",2017-08-15,13.45
"3592",2017-08-16,13.2
"3593",2017-08-17,16.35
"3594",2017-08-18,18.85
"3595",2017-08-19,13.75
"3596",2017-08-20,10.85
"3597",2017-08-21,14.4
"3598",2017-08-22,15.6
"3599",2017-08-23,12.35
"3600",2017-08-24,12.65
"3601",2017-08-25,10.85
"3602",2017-08-26,10.95
"3603",2017-08-27,14.3
"3604",2017-08-28,14.3
"3605",2017-08-29,7.75
"3606",2017-08-30,8.25
"3607",2017-08-31,13.7
"3608",2017-09-01,17.2
"3609",2017-09-02,15.1
"3610",2017-09-03,12.15
"3611",2017-09-04,12.4
"3612",2017-09-05,9.9
"3613",2017-09-06,14.65
"3614",2017-09-07,13.95
"3615",2017-09-08,16.15
"3616",2017-09-09,9.4
"3617",2017-09-10,7.85
"3618",2017-09-11,9.2
"3619",2017-09-12,12.65
"3620",2017-09-13,12.75
"3621",2017-09-14,13.4
"3622",2017-09-15,11.4
"3623",2017-09-16,12.45
"3624",2017-09-17,15.3
"3625",2017-09-18,18.35
"3626",2017-09-19,21.45
"3627",2017-09-20,16.35
"3628",2017-09-21,14.6
"3629",2017-09-22,16.05
"3630",2017-09-23,18.1
"3631",2017-09-24,18.55
"3632",2017-09-25,19.25
"3633",2017-09-26,13.1
"3634",2017-09-27,10.15
"3635",2017-09-28,11.8
"3636",2017-09-29,14.55
"3637",2017-09-30,16
"3638",2017-10-01,13.6
"3639",2017-10-02,15.3
"3640",2017-10-03,18
"3641",2017-10-04,24.05
"3642",2017-10-05,20.8
"3643",2017-10-06,20.7
"3644",2017-10-07,19.45
"3645",2017-10-08,15.65
"3646",2017-10-09,17.4
"3647",2017-10-10,17.05
"3648",2017-10-11,10.35
"3649",2017-10-12,7.8
"3650",2017-10-13,10.9
"3651",2017-10-14,14.1
"3652",2017-10-15,18.65
"3653",2017-10-16,22.2
"3654",2017-10-17,23.2
"3655",2017-10-18,22.65
"3656",2017-10-19,18.55
"3657",2017-10-20,20.05
"3658",2017-10-21,16.6
"3659",2017-10-22,14.65
"3660",2017-10-23,18.8
"3661",2017-10-24,22.75
"3662",2017-10-25,22.65
"3663",2017-10-26,21.65
"3664",2017-10-27,20.65
"3665",2017-10-28,21.95
"3666",2017-10-29,17.15
"3667",2017-10-30,17
"3668",2017-10-31,19.4
"3669",2017-11-01,23.3
"3670",2017-11-02,16.5
"3671",2017-11-03,16.35
"3672",2017-11-04,15.95
"3673",2017-11-05,20.6
"3674",2017-11-06,21.55
"3675",2017-11-07,18.25
"3676",2017-11-08,19.05
"3677",2017-11-09,17.6
"3678",2017-11-10,17.8
"3679",2017-11-11,21.5
"3680",2017-11-12,25
"3681",2017-11-13,27
"3682",2017-11-14,27.45
"3683",2017-11-15,19.95
"3684",2017-11-16,19.3
"3685",2017-11-17,19.6
"3686",2017-11-18,17.2
"3687",2017-11-19,20.15
"3688",2017-11-20,23.05
"3689",2017-11-21,17.8
"3690",2017-11-22,20.7
"3691",2017-11-23,25.45
"3692",2017-11-24,21.8
"3693",2017-11-25,22.15
"3694",2017-11-26,24.05
"3695",2017-11-27,19.9
"3696",2017-11-28,21.85
"3697",2017-11-29,24.9
"3698",2017-11-30,23.25
"3699",2017-12-01,20.6
"3700",2017-12-02,19.45
"3701",2017-12-03,17.15
"3702",2017-12-04,18.6
"3703",2017-12-05,20.95
"3704",2017-12-06,23.6
"3705",2017-12-07,24
"3706",2017-12-08,23.85
"3707",2017-12-09,24.15
"3708",2017-12-10,24
"3709",2017-12-11,22.95
"3710",2017-12-12,25.65
"3711",2017-12-13,22.3
"3712",2017-12-14,26.2
"3713",2017-12-15,26.65
"3714",2017-12-16,30.6
"3715",2017-12-17,20.4
"3716",2017-12-18,20
"3717",2017-12-19,25.2
"3718",2017-12-20,27.25
"3719",2017-12-21,23.25
"3720",2017-12-22,24.7
"3721",2017-12-23,19.85
"3722",2017-12-24,21
"3723",2017-12-25,24.5
"3724",2017-12-26,27.7
"3725",2017-12-27,22.15
"3726",2017-12-28,25.15
"3727",2017-12-29,27
"3728",2017-12-30,27.85
"3729",2017-12-31,20.45
"3730",2018-01-01,22.45
"3731",2018-01-02,24.35
"3732",2018-01-03,26.65
"3733",2018-01-04,30.05
"3734",2018-01-05,23.9
"3735",2018-01-06,26.5
"3736",2018-01-07,25.75
"3737",2018-01-08,27.85
"3738",2018-01-09,27.75
"3739",2018-01-10,28.3
"3740",2018-01-11,27.7
"3741",2018-01-12,28.95
"3742",2018-01-13,19.7
"3743",2018-01-14,22.55
"3744",2018-01-15,24.85
"3745",2018-01-16,21.75
"3746",2018-01-17,22.1
"3747",2018-01-18,24.1
"3748",2018-01-19,24.3
"3749",2018-01-20,24.55
"3750",2018-01-21,25.7
"3751",2018-01-22,25.05
"3752",2018-01-23,23.85
"3753",2018-01-24,24.45
"3754",2018-01-25,22.5
"3755",2018-01-26,25.5
"3756",2018-01-27,25.3
"3757",2018-01-28,26.15
"3758",2018-01-29,25.85
"3759",2018-01-30,26.55
"3760",2018-01-31,23.85
"3761",2018-02-01,26.15
"3762",2018-02-02,28
"3763",2018-02-03,29.3
"3764",2018-02-04,30.05
"3765",2018-02-05,31.3
"3766",2018-02-06,31.75
"3767",2018-02-07,27.7
"3768",2018-02-08,28.2
"3769",2018-02-09,22.75
"3770",2018-02-10,21.65
"3771",2018-02-11,17.1
"3772",2018-02-12,16.95
"3773",2018-02-13,22.25
"3774",2018-02-14,24.55
"3775",2018-02-15,26.75
"3776",2018-02-16,28.65
"3777",2018-02-17,28.65
"3778",2018-02-18,27.65
"3779",2018-02-19,24.95
"3780",2018-02-20,20.75
"3781",2018-02-21,21.65
"3782",2018-02-22,25.85
"3783",2018-02-23,22.3
"3784",2018-02-24,18.15
"3785",2018-02-25,20.8
"3786",2018-02-26,21.65
"3787",2018-02-27,22.5
"3788",2018-02-28,22.35
"3789",2018-03-01,23
"3790",2018-03-02,24.8
"3791",2018-03-03,25.3
"3792",2018-03-04,25.2
"3793",2018-03-05,19.85
"3794",2018-03-06,20.05
"3795",2018-03-07,22.5
"3796",2018-03-08,23.9
"3797",2018-03-09,25.85
"3798",2018-03-10,21.8
"3799",2018-03-11,21.3
"3800",2018-03-12,20.9
"3801",2018-03-13,21.25
"3802",2018-03-14,22.35
"3803",2018-03-15,20.9
"3804",2018-03-16,21.85
"3805",2018-03-17,24.2
"3806",2018-03-18,16.5
"3807",2018-03-19,16.4
"3808",2018-03-20,17.75
"3809",2018-03-21,16.3
"3810",2018-03-22,22.25
"3811",2018-03-23,25.2
"3812",2018-03-24,16.55
"3813",2018-03-25,13.7
"3814",2018-03-26,16.55
"3815",2018-03-27,18.1
"3816",2018-03-28,21.55
"3817",2018-03-29,24.15
"3818",2018-03-30,22.95
"3819",2018-03-31,24
"3820",2018-04-01,19.2
"3821",2018-04-02,18.75
"3822",2018-04-03,21.35
"3823",2018-04-04,22.65
"3824",2018-04-05,20.95
"3825",2018-04-06,15.85
"3826",2018-04-07,16.75
"3827",2018-04-08,20.85
"3828",2018-04-09,21.3
"3829",2018-04-10,25.25
"3830",2018-04-11,26.4
"3831",2018-04-12,14.5
"3832",2018-04-13,13.8
"3833",2018-04-14,16.7
"3834",2018-04-15,17.3
"3835",2018-04-16,20.85
"3836",2018-04-17,22.45
"3837",2018-04-18,19
"3838",2018-04-19,23.2
"3839",2018-04-20,22.65
"3840",2018-04-21,23.3
"3841",2018-04-22,25.4
"3842",2018-04-23,19.25
"3843",2018-04-24,17.9
"3844",2018-04-25,20.45
"3845",2018-04-26,24.1
"3846",2018-04-27,23.5
