fecha,divisa_venta
11/01/2002,1.60
14/01/2002,1.60
15/01/2002,1.70
16/01/2002,1.90
17/01/2002,1.90
18/01/2002,1.95
21/01/2002,1.95
22/01/2002,1.95
23/01/2002,1.95
24/01/2002,1.95
25/01/2002,1.95
28/01/2002,2.07
29/01/2002,2.05
30/01/2002,2.05
31/01/2002,2.05
01/02/2002,2.05
11/02/2002,1.95
12/02/2002,1.85
13/02/2002,1.70
14/02/2002,1.80
15/02/2002,1.95
18/02/2002,2.00
19/02/2002,2.10
20/02/2002,2.10
21/02/2002,2.00
22/02/2002,2.05
25/02/2002,2.15
26/02/2002,2.15
27/02/2002,2.15
28/02/2002,2.15
01/03/2002,2.1
04/03/2002,2.05
05/03/2002,2.05
06/03/2002,2.15
07/03/2002,2.2
08/03/2002,2.25
11/03/2002,2.35
12/03/2002,2.4
13/03/2002,2.37
14/03/2002,2.38
15/03/2002,2.31
18/03/2002,2.38
19/03/2002,2.42
20/03/2002,2.48
21/03/2002,2.38
22/03/2002,2.95
25/03/2002,3.15
26/03/2002,2.9
02/04/2002,2.95
03/04/2002,2.95
04/04/2002,2.68
05/04/2002,2.75
08/04/2002,2.75
09/04/2002,2.8
10/04/2002,2.8
11/04/2002,2.85
12/04/2002,2.9
15/04/2002,2.95
16/04/2002,2.8
17/04/2002,2.87
18/04/2002,3.1
19/04/2002,3.15
29/04/2002,2.95
30/04/2002,2.98
02/05/2002,3.1
06/05/2002,3.2
07/05/2002,3.2
08/05/2002,3.2
09/05/2002,3.19
10/05/2002,3.25
13/05/2002,3.25
14/05/2002,3.25
15/05/2002,3.25
16/05/2002,3.25
17/05/2002,3.4
20/05/2002,3.55
21/05/2002,3.45
22/05/2002,3.45
23/05/2002,3.40
24/05/2002,3.45
27/05/2002,3.50
28/05/2002,3.50
29/05/2002,3.60
30/05/2002,3.60
31/05/2002,3.60
03/06/2002,3.62
04/06/2002,3.62
05/06/2002,3.65
06/06/2002,3.65
07/06/2002,3.65
10/06/2002,3.50
11/06/2002,3.50
12/06/2002,3.50
13/06/2002,3.50
14/06/2002,3.57
18/06/2002,3.55
19/06/2002,3.56
20/06/2002,3.61
21/06/2002,3.73
24/06/2002,3.79
25/06/2002,3.90
26/06/2002,3.85
27/06/2002,3.80
28/06/2002,3.80
01/07/2002,3.79
02/07/2002,3.65
03/07/2002,3.59
04/07/2002,3.57
05/07/2002,3.60
08/07/2002,3.55
10/07/2002,3.56
11/07/2002,3.59
12/07/2002,3.60
15/07/2002,3.60
16/07/2002,3.57
17/07/2002,3.57
18/07/2002,3.56
19/07/2002,3.58
22/07/2002,3.62
23/07/2002,3.67
24/07/2002,3.64
25/07/2002,3.65
26/07/2002,3.66
29/07/2002,3.66
30/07/2002,3.68
31/07/2002,3.70
01/08/2002,3.61
02/08/2002,3.63
05/08/2002,3.64
06/08/2002,3.63
07/08/2002,3.64
08/08/2002,3.65
09/08/2002,3.64
12/08/2002,3.62
13/08/2002,3.63
14/08/2002,3.64
15/08/2002,3.64
16/08/2002,3.64
20/08/2002,3.63
21/08/2002,3.59
22/08/2002,3.59
23/08/2002,3.62
26/08/2002,3.63
27/08/2002,3.62
28/08/2002,3.61
29/08/2002,3.62
30/08/2002,3.63
02/09/2002,3.63
03/09/2002,3.64
04/09/2002,3.65
05/09/2002,3.63
06/09/2002,3.63
09/09/2002,3.63
10/09/2002,3.63
11/09/2002,3.62
12/09/2002,3.63
13/09/2002,3.64
16/09/2002,3.65
17/09/2002,3.63
18/09/2002,3.65
19/09/2002,3.67
20/09/2002,3.66
23/09/2002,3.67
24/09/2002,3.65
25/09/2002,3.67
26/09/2002,3.67
27/09/2002,3.75
30/09/2002,3.74
01/10/2002,3.74
02/10/2002,3.75
03/10/2002,3.75
04/10/2002,3.75
07/10/2002,3.75
08/10/2002,3.74
09/10/2002,3.72
10/10/2002,3.70
11/10/2002,3.70
15/10/2002,3.66
16/10/2002,3.60
17/10/2002,3.60
18/10/2002,3.63
21/10/2002,3.63
22/10/2002,3.62
23/10/2002,3.61
24/10/2002,3.61
25/10/2002,3.62
28/10/2002,3.60
29/10/2002,3.58
30/10/2002,3.55
31/10/2002,3.52
01/11/2002,3.54
04/11/2002,3.57
05/11/2002,3.54
07/11/2002,3.57
08/11/2002,3.56
11/11/2002,3.56
12/11/2002,3.53
13/11/2002,3.53
14/11/2002,3.56
15/11/2002,3.54
18/11/2002,3.53
19/11/2002,3.52
20/11/2002,3.52
21/11/2002,3.51
22/11/2002,3.50
25/11/2002,3.50
26/11/2002,3.48
27/11/2002,3.50
28/11/2002,3.57
29/11/2002,3.64
02/12/2002,3.58
03/12/2002,3.54
04/12/2002,3.53
05/12/2002,3.53
06/12/2002,3.53
09/12/2002,3.53
10/12/2002,3.52
11/12/2002,3.51
12/12/2002,3.50
13/12/2002,3.52
16/12/2002,3.54
17/12/2002,3.54
18/12/2002,3.50
19/12/2002,3.47
23/12/2002,3.47
24/12/2002,3.44
26/12/2002,3.40
27/12/2002,3.40
30/12/2002,3.38
31/12/2002,3.37
02/01/2003,3.35
03/01/2003,3.34
06/01/2003,3.33
07/01/2003,3.28
08/01/2003,3.30
09/01/2003,3.34
10/01/2003,3.35
13/01/2003,3.33
14/01/2003,3.25
15/01/2003,3.23
16/01/2003,3.26
17/01/2003,3.22
20/01/2003,3.19
21/01/2003,3.10
22/01/2003,3.11
23/01/2003,3.14
24/01/2003,3.22
27/01/2003,3.32
28/01/2003,3.32
29/01/2003,3.31
30/01/2003,3.25
31/01/2003,3.21
03/02/2003,3.18
04/02/2003,3.17
05/02/2003,3.16
06/02/2003,3.15
07/02/2003,3.15
10/02/2003,3.13
11/02/2003,3.11
12/02/2003,3.11
13/02/2003,3.14
14/02/2003,3.18
17/02/2003,3.16
18/02/2003,3.17
19/02/2003,3.19
20/02/2003,3.21
21/02/2003,3.19
24/02/2003,3.17
25/02/2003,3.16
26/02/2003,3.17
27/02/2003,3.19
28/02/2003,3.19
03/03/2003,3.21
04/03/2003,3.18
05/03/2003,3.17
06/03/2003,3.18
07/03/2003,3.16
10/03/2003,3.14
11/03/2003,3.13
12/03/2003,3.11
13/03/2003,3.12
14/03/2003,3.12
17/03/2003,3.10
18/03/2003,3.06
19/03/2003,3.01
20/03/2003,3.03
21/03/2003,3.02
24/03/2003,2.99
25/03/2003,2.94
26/03/2003,2.90
27/03/2003,2.88
28/03/2003,2.98
01/04/2003,2.96
02/04/2003,2.90
03/04/2003,2.90
04/04/2003,2.90
07/04/2003,2.90
08/04/2003,2.92
09/04/2003,2.92
10/04/2003,2.89
11/04/2003,2.90
14/04/2003,2.93
15/04/2003,2.95
16/04/2003,2.93
21/04/2003,2.89
22/04/2003,2.85
23/04/2003,2.84
24/04/2003,2.86
25/04/2003,2.86
28/04/2003,2.86
29/04/2003,2.85
30/04/2003,2.82
02/05/2003,2.79
05/05/2003,2.80
06/05/2003,2.80
07/05/2003,2.79
08/05/2003,2.76
09/05/2003,2.78
12/05/2003,2.77
13/05/2003,2.77
14/05/2003,2.80
15/05/2003,2.84
16/05/2003,2.94
19/05/2003,2.92
20/05/2003,2.88
21/05/2003,2.84
22/05/2003,2.87
23/05/2003,2.90
26/05/2003,2.87
27/05/2003,2.87
28/05/2003,2.88
29/05/2003,2.88
30/05/2003,2.85
02/06/2003,2.85
03/06/2003,2.83
04/06/2003,2.82
05/06/2003,2.83
06/06/2003,2.82
09/06/2003,2.81
10/06/2003,2.81
11/06/2003,2.82
12/06/2003,2.83
13/06/2003,2.82
17/06/2003,2.80
18/06/2003,2.79
19/06/2003,2.80
20/06/2003,2.80
23/06/2003,2.79
24/06/2003,2.77
25/06/2003,2.77
26/06/2003,2.79
27/06/2003,2.81
30/06/2003,2.80
01/07/2003,2.80
02/07/2003,2.80
03/07/2003,2.79
04/07/2003,2.79
07/07/2003,2.78
08/07/2003,2.77
10/07/2003,2.76
11/07/2003,2.76
14/07/2003,2.77
15/07/2003,2.77
16/07/2003,2.78
17/07/2003,2.79
18/07/2003,2.80
21/07/2003,2.80
22/07/2003,2.78
23/07/2003,2.78
24/07/2003,2.81
25/07/2003,2.82
28/07/2003,2.83
29/07/2003,2.84
30/07/2003,2.90
31/07/2003,2.92
01/08/2003,2.94
04/08/2003,2.955
05/08/2003,2.935
06/08/2003,2.925
07/08/2003,2.930
08/08/2003,2.928
11/08/2003,2.915
12/08/2003,2.90
13/08/2003,2.885
14/08/2003,2.895
15/08/2003,2.895
19/08/2003,2.893
20/08/2003,2.915
21/08/2003,2.95
22/08/2003,2.95
25/08/2003,2.925
26/08/2003,2.94
27/08/2003,2.96
28/08/2003,2.95
29/08/2003,2.956
01/09/2003,2.96
02/09/2003,2.98
03/09/2003,2.98
04/09/2003,2.956
05/09/2003,2.93
08/09/2003,2.94
09/09/2003,2.94
10/09/2003,2.933
11/09/2003,2.90
12/09/2003,2.90
15/09/2003,2.89
16/09/2003,2.894
17/09/2003,2.91
18/09/2003,2.91
19/09/2003,2.91
22/09/2003,2.905
23/09/2003,2.90
24/09/2003,2.89
25/09/2003,2.895
26/09/2003,2.905
29/09/2003,2.91
30/09/2003,2.915
01/10/2003,2.905
02/10/2003,2.904
03/10/2003,2.885
06/10/2003,2.863
07/10/2003,2.873
08/10/2003,2.857
09/10/2003,2.838
10/10/2003,2.8380
14/10/2003,2.8370
15/10/2003,2.84
16/10/2003,2.8410
17/10/2003,2.8450
20/10/2003,2.8550
21/10/2003,2.85
22/10/2003,2.85
23/10/2003,2.846
24/10/2003,2.84
27/10/2003,2.84
28/10/2003,2.85
29/10/2003,2.855
30/10/2003,2.87
31/10/2003,2.8650
03/11/2003,2.8550
04/11/2003,2.8550
05/11/2003,2.8550
07/11/2003,2.8470
10/11/2003,2.85
11/11/2003,2.86
12/11/2003,2.8550
13/11/2003,2.8650
14/11/2003,2.87
17/11/2003,2.8650
18/11/2003,2.8650
19/11/2003,2.8750
20/11/2003,2.88
21/11/2003,2.89
24/11/2003,2.8970
25/11/2003,2.92
26/11/2003,2.98
27/11/2003,2.9650
28/11/2003,2.99
01/12/2003,2.98
02/12/2003,2.9750
03/12/2003,2.97
04/12/2003,2.97
05/12/2003,2.9650
09/12/2003,2.94
10/12/2003,2.94
11/12/2003,2.95
12/12/2003,2.9570
15/12/2003,2.9610
16/12/2003,2.9670
17/12/2003,2.9620
18/12/2003,2.9690
19/12/2003,2.9660
22/12/2003,2.96
23/12/2003,2.9570
24/12/2003,2.96
26/12/2003,2.95
29/12/2003,2.9420
30/12/2003,2.9350
31/12/2003,2.93
02/01/2004,2.92
05/01/2004,2.88
06/01/2004,2.8650
07/01/2004,2.8870
08/01/2004,2.8920
09/01/2004,2.89
12/01/2004,2.8450
13/01/2004,2.8650
14/01/2004,2.8750
15/01/2004,2.8650
16/01/2004,2.8810
19/01/2004,2.8850
20/01/2004,2.893
21/01/2004,2.91
22/01/2004,2.8950
23/01/2004,2.91
26/01/2004,2.91
27/01/2004,2.9120
28/01/2004,2.92
29/01/2004,2.9520
30/01/2004,2.9280
02/02/2004,2.9250
03/02/2004,2.9340
04/02/2004,2.9430
05/02/2004,2.9550
06/02/2004,2.9550
09/02/2004,2.935
10/02/2004,2.935
11/02/2004,2.94
12/02/2004,2.929
13/02/2004,2.92
16/02/2004,2.918
17/02/2004,2.927
18/02/2004,2.936
19/02/2004,2.935
20/02/2004,2.93
23/02/2004,2.923
24/02/2004,2.917
25/02/2004,2.924
26/02/2004,2.928
27/02/2004,2.923
01/03/2004,2.92
02/03/2004,2.92
03/03/2004,2.91
04/03/2004,2.9240
05/03/2004,2.9290
08/03/2004,2.9320
09/03/2004,2.9080
10/03/2004,2.92
11/03/2004,2.9130
12/03/2004,2.9150
15/03/2004,2.9060
16/03/2004,2.8980
17/03/2004,2.8860
18/03/2004,2.8870
19/03/2004,2.8750
22/03/2004,2.8660
23/03/2004,2.8730
24/03/2004,2.8770
25/03/2004,2.8760
26/03/2004,2.8800
29/03/2004,2.8710
30/03/2004,2.8600
31/03/2004,2.8600
02/04/2004,2.85
06/04/2004,2.8250
07/04/2004,2.8030
12/04/2004,2.81
13/04/2004,2.8150
14/04/2004,2.8120
15/04/2004,2.818
16/04/2004,2.82
19/04/2004,2.8270
20/04/2004,2.8370
21/04/2004,2.8530
22/04/2004,2.8670
23/04/2004,2.8550
26/04/2004,2.8320
27/04/2004,2.8370
28/04/2004,2.8520
29/04/2004,2.8580
30/04/2004,2.8400
03/05/2004,2.8500
04/05/2004,2.8600
05/05/2004,2.8660
06/05/2004,2.8920
07/05/2004,2.92
10/05/2004,2.9180
11/05/2004,2.9070
12/05/2004,2.9250
13/05/2004,2.9230
14/05/2004,2.9050
17/05/2004,2.9100
18/05/2004,2.9070
19/05/2004,2.9070
20/05/2004,2.9500
21/05/2004,2.9530
24/05/2004,2.9650
26/05/2004,2.9620
27/05/2004,2.97
28/05/2004,2.9670
31/05/2004,2.96
01/06/2004,2.96
02/06/2004,2.9410
03/06/2004,2.9680
04/06/2004,2.9680
07/06/2004,2.9710
08/06/2004,2.9630
09/06/2004,2.9600
10/06/2004,2.9660
11/06/2004,2.9690
14/06/2004,2.9630
15/06/2004,2.9520
16/06/2004,2.9550
17/06/2004,2.96
18/06/2004,2.9680
22/06/2004,2.96
23/06/2004,2.9430
24/06/2004,2.9470
25/06/2004,2.9550
28/06/2004,2.9650
29/06/2004,2.9660
30/06/2004,2.9580
01/07/2004,2.9520
02/07/2004,2.9500
05/07/2004,2.9420
06/07/2004,2.9400
07/07/2004,2.9470
08/07/2004,2.9580
12/07/2004,2.9540
13/07/2004,2.9480
14/07/2004,2.9440
15/07/2004,2.9440
16/07/2004,2.9430
19/07/2004,2.9480
20/07/2004,2.9490
21/07/2004,2.9530
22/07/2004,2.9580
23/07/2004,2.9670
26/07/2004,2.9770
27/07/2004,2.9740
28/07/2004,2.9750
29/07/2004,2.9760
30/07/2004,2.98
02/08/2004,2.9870
03/08/2004,2.9970
04/08/2004,3.0260
05/08/2004,3.0600
06/08/2004,3.0600
09/08/2004,3.0300
10/08/2004,3.0170
11/08/2004,3.0250
12/08/2004,3.0120
13/08/2004,3.0150
17/08/2004,3.0120
18/08/2004,3.0120
19/08/2004,3.0080
20/08/2004,3.0090
23/08/2004,3.0090
24/08/2004,2.9920
25/08/2004,2.9910
26/08/2004,3.0090
27/08/2004,3.0080
30/08/2004,3.0070
31/08/2004,2.9970
01/09/2004,3.0030
02/09/2004,3.0020
03/09/2004,2.9970
06/09/2004,2.9920
07/09/2004,2.9940
08/09/2004,3.0000
09/09/2004,3.0020
10/09/2004,3.0110
13/09/2004,2.9970
14/09/2004,2.9880
15/09/2004,2.9780
16/09/2004,2.9900
17/09/2004,2.9900
20/09/2004,2.9960
21/09/2004,3.0040
22/09/2004,2.9950
23/09/2004,2.9940
24/09/2004,2.9960
27/09/2004,2.9940
28/09/2004,2.9880
29/09/2004,2.9840
30/09/2004,2.9810
01/10/2004,2.9800
04/10/2004,2.9680
05/10/2004,2.9740
06/10/2004,2.9710
07/10/2004,2.9740
08/10/2004,2.9680
12/10/2004,2.9690
13/10/2004,2.9720
14/10/2004,2.9750
15/10/2004,2.9650
18/10/2004,2.9550
19/10/2004,2.9620
20/10/2004,2.9600
21/10/2004,2.9580
22/10/2004,2.9620
25/10/2004,2.9680
26/10/2004,2.9730
27/10/2004,2.9720
28/10/2004,2.9800
29/10/2004,2.9700
01/11/2004,2.9690
02/11/2004,2.9570
03/11/2004,2.9590
04/11/2004,2.9610
05/11/2004,2.9620
08/11/2004,2.9740
09/11/2004,2.9690
10/11/2004,2.97
11/11/2004,2.9670
12/11/2004,2.96
15/11/2004,2.9530
16/11/2004,2.9520
17/11/2004,2.9340
18/11/2004,2.94
19/11/2004,2.9450
22/11/2004,2.95
23/11/2004,2.94
24/11/2004,2.9420
25/11/2004,2.9430
26/11/2004,2.9410
29/11/2004,2.9510
30/11/2004,2.9450
01/12/2004,2.9440
02/12/2004,2.9600
03/12/2004,2.9770
06/12/2004,2.9850
07/12/2004,2.9780
09/12/2004,2.9760
10/12/2004,2.9780
13/12/2004,2.9740
14/12/2004,2.98
15/12/2004,2.9760
16/12/2004,2.9890
17/12/2004,2.9790
20/12/2004,2.9640
21/12/2004,2.9670
22/12/2004,2.9640
23/12/2004,2.9540
24/12/2004,2.9530
27/12/2004,2.9610
28/12/2004,2.9750
29/12/2004,2.9790
30/12/2004,2.9750
31/12/2004,2.9790
03/01/2005,2.9680
04/01/2005,2.9620
05/01/2005,2.9700
06/01/2005,2.9660
07/01/2005,2.9700
10/01/2005,2.9680
11/01/2005,2.9610
12/01/2005,2.9450
13/01/2005,2.9350
14/01/2005,2.9380
17/01/2005,2.9300
18/01/2005,2.9370
19/01/2005,2.9430
20/01/2005,2.9450
21/01/2005,2.9430
24/01/2005,2.9330
25/01/2005,2.9220
26/01/2005,2.9220
27/01/2005,2.9260
28/01/2005,2.9270
31/01/2005,2.9240
01/02/2005,2.9250
02/02/2005,2.9250
03/02/2005,2.9220
04/02/2005,2.92
07/02/2005,2.9190
08/02/2005,2.9140
09/02/2005,2.9090
10/02/2005,2.9140
11/02/2005,2.9110
14/02/2005,2.9070
15/02/2005,2.9040
16/02/2005,2.8940
17/02/2005,2.9050
18/02/2005,2.9170
21/02/2005,2.9130
22/02/2005,2.9230
23/02/2005,2.9350
24/02/2005,2.9360
25/02/2005,2.9380
28/02/2005,2.9380
01/03/2005,2.9480
02/03/2005,2.9570
03/03/2005,2.9520
04/03/2005,2.9370
07/03/2005,2.93
08/03/2005,2.9310
09/03/2005,2.9320
10/03/2005,2.9330
11/03/2005,2.9170
14/03/2005,2.9200
15/03/2005,2.9190
16/03/2005,2.9200
17/03/2005,2.9180
18/03/2005,2.9170
21/03/2005,2.9170
22/03/2005,2.9110
23/03/2005,2.9140
28/03/2005,2.9220
29/03/2005,2.9210
30/03/2005,2.9200
31/03/2005,2.9170
01/04/2005,2.9190
04/04/2005,2.9190
05/04/2005,2.9130
06/04/2005,2.9030
07/04/2005,2.8920
08/04/2005,2.8960
11/04/2005,2.89
12/04/2005,2.89
13/04/2005,2.8790
14/04/2005,2.89
15/04/2005,2.90
18/04/2005,2.9020
19/04/2005,2.9020
20/04/2005,2.90
21/04/2005,2.9030
22/04/2005,2.90
25/04/2005,2.9010
26/04/2005,2.8970
27/04/2005,2.90
28/04/2005,2.9090
29/04/2005,2.9100
02/05/2005,2.90
03/05/2005,2.8970
04/05/2005,2.8960
05/05/2005,2.8970
06/05/2005,2.8990
07/05/2005,2.8860
09/05/2005,2.8950
10/05/2005,2.8930
11/05/2005,2.8960
12/05/2005,2.8940
13/05/2005,2.8950
16/05/2005,2.8840
17/05/2005,2.8860
18/05/2005,2.8860
19/05/2005,2.8850
20/05/2005,2.8870
23/05/2005,2.8860
24/05/2005,2.8860
26/05/2005,2.8850
27/05/2005,2.8850
30/05/2005,2.8840
31/05/2005,2.8830
01/06/2005,2.8860
02/06/2005,2.8850
03/06/2005,2.8940
06/06/2005,2.8950
07/06/2005,2.8940
08/06/2005,2.8960
09/06/2005,2.8950
10/06/2005,2.8920
13/06/2005,2.88
14/06/2005,2.8730
15/06/2005,2.8770
16/06/2005,2.8740
17/06/2005,2.8720
21/06/2005,2.8690
22/06/2005,2.8660
23/06/2005,2.8720
24/06/2005,2.8800
27/06/2005,2.8890
28/06/2005,2.8940
29/06/2005,2.8950
30/06/2005,2.8870
01/07/2005,2.8860
04/07/2005,2.8850
05/07/2005,2.8860
06/07/2005,2.8810
07/07/2005,2.8780
08/07/2005,2.8690
11/07/2005,2.8680
12/07/2005,2.8730
13/07/2005,2.8690
14/07/2005,2.8640
15/07/2005,2.8630
18/07/2005,2.8640
19/07/2005,2.8620
20/07/2005,2.8620
21/07/2005,2.8610
22/07/2005,2.8630
25/07/2005,2.8620
26/07/2005,2.8620
27/07/2005,2.8650
28/07/2005,2.8630
29/07/2005,2.8610
01/08/2005,2.8600
02/08/2005,2.8590
03/08/2005,2.8600
04/08/2005,2.8630
05/08/2005,2.8650
08/08/2005,2.8690
09/08/2005,2.8730
10/08/2005,2.8750
11/08/2005,2.8770
12/08/2005,2.8830
16/08/2005,2.8880
17/08/2005,2.8930
18/08/2005,2.8970
19/08/2005,2.9070
22/08/2005,2.9070
23/08/2005,2.9080
24/08/2005,2.9070
25/08/2005,2.9070
26/08/2005,2.9090
29/08/2005,2.9130
30/08/2005,2.9120
31/08/2005,2.9110
01/09/2005,2.9100
02/09/2005,2.9100
05/09/2005,2.9070
06/09/2005,2.9070
07/09/2005,2.9050
08/09/2005,2.9040
09/09/2005,2.9110
12/09/2005,2.9170
13/09/2005,2.9190
14/09/2005,2.9190
15/09/2005,2.9140
16/09/2005,2.9110
19/09/2005,2.9110
20/09/2005,2.9140
21/09/2005,2.9140
22/09/2005,2.9120
23/09/2005,2.9100
26/09/2005,2.9100
27/09/2005,2.9100
28/09/2005,2.9150
29/09/2005,2.9150
30/09/2005,2.91
03/10/2005,2.9090
04/10/2005,2.9140
05/10/2005,2.9230
06/10/2005,2.9350
07/10/2005,2.9370
11/10/2005,2.9540
12/10/2005,2.9650
13/10/2005,2.9840
14/10/2005,2.9710
17/10/2005,2.9690
18/10/2005,2.9690
19/10/2005,2.9730
20/10/2005,2.9820
21/10/2005,2.9820
24/10/2005,2.9780
25/10/2005,2.9880
26/10/2005,2.9990
27/10/2005,3.0180
28/10/2005,3.0150
31/10/2005,3.0020
01/11/2005,2.9920
02/11/2005,2.9860
03/11/2005,2.9820
04/11/2005,2.9820
07/11/2005,2.9730
08/11/2005,2.9630
09/11/2005,2.9690
10/11/2005,2.9700
11/11/2005,2.9670
14/11/2005,2.9650
15/11/2005,2.9520
16/11/2005,2.9500
17/11/2005,2.9430
18/11/2005,2.9430
21/11/2005,2.9390
22/11/2005,2.9450
23/11/2005,2.9500
24/11/2005,2.9560
25/11/2005,2.9710
28/11/2005,2.99
29/11/2005,2.9760
30/11/2005,2.9660
01/12/2005,2.9780
02/12/2005,2.9810
05/12/2005,3.0050
06/12/2005,2.9970
07/12/2005,2.9920
09/12/2005,3.0090
12/12/2005,3.0140
13/12/2005,3.0040
14/12/2005,2.9980
15/12/2005,3.0150
16/12/2005,3.0350
19/12/2005,3.0250
20/12/2005,3.0340
21/12/2005,3.0330
22/12/2005,3.0230
23/12/2005,3.0230
26/12/2005,3.0180
27/12/2005,3.0350
28/12/2005,3.0400
29/12/2005,3.0300
30/12/2005,3.0320
02/01/2006,3.0300
03/01/2006,3.0380
04/01/2006,3.0390
05/01/2006,3.0500
06/01/2006,3.0600
09/01/2006,3.0640
10/01/2006,3.0570
11/01/2006,3.0510
12/01/2006,3.0390
13/01/2006,3.0350
16/01/2006,3.0350
17/01/2006,3.0460
18/01/2006,3.0490
19/01/2006,3.0460
20/01/2006,3.0380
23/01/2006,3.0380
24/01/2006,3.0370
25/01/2006,3.05
26/01/2006,3.0570
27/01/2006,3.0570
30/01/2006,3.0610
31/01/2006,3.0660
01/02/2006,3.0680
02/02/2006,3.0690
03/02/2006,3.0670
06/02/2006,3.0690
07/02/2006,3.0740
08/02/2006,3.0720
09/02/2006,3.0660
10/02/2006,3.0670
13/02/2006,3.0690
14/02/2006,3.0710
15/02/2006,3.0710
16/02/2006,3.0670
17/02/2006,3.0680
20/02/2006,3.0660
21/02/2006,3.0700
22/02/2006,3.0730
23/02/2006,3.0740
24/02/2006,3.0750
27/02/2006,3.0750
28/02/2006,3.0740
01/03/2006,3.0680
02/03/2006,3.0670
03/03/2006,3.0730
06/03/2006,3.0770
07/03/2006,3.0800
08/03/2006,3.0830
09/03/2006,3.0830
10/03/2006,3.0820
13/03/2006,3.0800
14/03/2006,3.0760
15/03/2006,3.0720
16/03/2006,3.0730
17/03/2006,3.0730
20/03/2006,3.0740
21/03/2006,3.0740
22/03/2006,3.0750
23/03/2006,3.0790
27/03/2006,3.0830
28/03/2006,3.0820
29/03/2006,3.0800
30/03/2006,3.0810
31/03/2006,3.0820
03/04/2006,3.0850
04/04/2006,3.0830
05/04/2006,3.0800
06/04/2006,3.0790
07/04/2006,3.0810
10/04/2006,3.0810
11/04/2006,3.0770
12/04/2006,3.0780
17/04/2006,3.076
18/04/2006,3.0700
19/04/2006,3.0680
20/04/2006,3.0590
21/04/2006,3.0590
24/04/2006,3.0470
25/04/2006,3.0410
26/04/2006,3.0390
27/04/2006,3.0440
28/04/2006,3.0480
02/05/2006,3.0450
03/05/2006,3.0420
04/05/2006,3.0410
05/05/2006,3.0410
08/05/2006,3.0400
09/05/2006,3.0410
10/05/2006,3.0400
11/05/2006,3.0340
12/05/2006,3.0360
15/05/2006,3.0410
16/05/2006,3.0420
17/05/2006,3.0480
18/05/2006,3.0540
19/05/2006,3.0560
22/05/2006,3.0720
24/05/2006,3.0820
26/05/2006,3.082
29/05/2006,3.0770
30/05/2006,3.0880
31/05/2006,3.0850
01/06/2006,3.0800
02/06/2006,3.0790
05/06/2006,3.080
06/06/2006,3.0830
07/06/2006,3.0820
08/06/2006,3.0830
09/06/2006,3.0820
12/06/2006,3.0810
13/06/2006,3.0830
14/06/2006,3.0790
15/06/2006,3.0800
16/06/2006,3.0790
20/06/2006,3.0780
21/06/2006,3.0750
22/06/2006,3.0780
23/06/2006,3.0810
26/06/2006,3.0860
27/06/2006,3.0900
28/06/2006,3.0880
29/06/2006,3.0880
30/06/2006,3.0860
03/07/2006,3.0850
04/07/2006,3.0850
05/07/2006,3.0870
06/07/2006,3.0860
07/07/2006,3.0860
10/07/2006,3.0860
11/07/2006,3.0840
12/07/2006,3.0830
13/07/2006,3.0840
14/07/2006,3.0830
17/07/2006,3.0820
18/07/2006,3.0820
19/07/2006,3.0790
20/07/2006,3.0820
21/07/2006,3.0820
24/07/2006,3.0800
25/07/2006,3.0780
26/07/2006,3.0740
27/07/2006,3.0770
28/07/2006,3.0770
31/07/2006,3.0720
01/08/2006,3.0710
02/08/2006,3.0710
03/08/2006,3.0700
04/08/2006,3.0690
07/08/2006,3.0720
08/08/2006,3.0720
09/08/2006,3.0690
10/08/2006,3.0690
11/08/2006,3.0710
14/08/2006,3.0750
15/08/2006,3.0800
16/08/2006,3.0740
17/08/2006,3.080
18/08/2006,3.082
22/08/2006,3.085
23/08/2006,3.086
24/08/2006,3.087
25/08/2006,3.092
28/08/2006,3.097
29/08/2006,3.095
30/08/2006,3.097
31/08/2006,3.097
01/09/2006,3.096
04/09/2006,3.094
05/09/2006,3.098
06/09/2006,3.1030
07/09/2006,3.099
08/09/2006,3.1010
11/09/2006,3.1030
12/09/2006,3.1070
13/09/2006,3.1030
14/09/2006,3.1000
15/09/2006,3.0980
18/09/2006,3.0980
19/09/2006,3.0970
20/09/2006,3.0980
21/09/2006,3.0990
22/09/2006,3.0990
25/09/2006,3.1000
26/09/2006,3.1020
27/09/2006,3.1020
28/09/2006,3.1040
29/09/2006,3.1040
02/10/2006,3.1030
03/10/2006,3.1040
04/10/2006,3.1050
05/10/2006,3.1050
06/10/2006,3.1060
09/10/2006,3.1060
10/10/2006,3.1070
11/10/2006,3.1060
12/10/2006,3.1040
13/10/2006,3.1030
17/10/2006,3.100
18/10/2006,3.0910
19/10/2006,3.0890
20/10/2006,3.0900
23/10/2006,3.0900
24/10/2006,3.0900
25/10/2006,3.0930
26/10/2006,3.0890
27/10/2006,3.0940
30/10/2006,3.0940
31/10/2006,3.0890
01/11/2006,3.0870
02/11/2006,3.0830
03/11/2006,3.0830
07/11/2006,3.0770
08/11/2006,3.0690
09/11/2006,3.0680
10/11/2006,3.0710
13/11/2006,3.0760
14/11/2006,3.0720
15/11/2006,3.0680
16/11/2006,3.0690
17/11/2006,3.0740
20/11/2006,3.0760
21/11/2006,3.0800
22/11/2006,3.0730
23/11/2006,3.0710
24/11/2006,3.0750
27/11/2006,3.0780
28/11/2006,3.0780
29/11/2006,3.0740
30/11/2006,3.0680
01/12/2006,3.0620
04/12/2006,3.0600
05/12/2006,3.0550
06/12/2006,3.0570
07/12/2006,3.0580
11/12/2006,3.0600
12/12/2006,3.0540
13/12/2006,3.0560
14/12/2006,3.0580
15/12/2006,3.0570
18/12/2006,3.0570
19/12/2006,3.0580
20/12/2006,3.0520
21/12/2006,3.0480
22/12/2006,3.0600
26/12/2006,3.0700
27/12/2006,3.0760
28/12/2006,3.0720
29/12/2006,3.0620
02/01/2007,3.0580
03/01/2007,3.0590
04/01/2007,3.0720
05/01/2007,3.0780
08/01/2007,3.0820
09/01/2007,3.0830
10/01/2007,3.0810
11/01/2007,3.08
12/01/2007,3.0810
15/01/2007,3.0790
16/01/2007,3.0800
17/01/2007,3.0790
18/01/2007,3.0820
19/01/2007,3.0860
22/01/2007,3.0960
23/01/2007,3.0980
24/01/2007,3.0960
25/01/2007,3.0980
26/01/2007,3.1060
29/01/2007,3.1080
30/01/2007,3.1070
31/01/2007,3.1070
01/02/2007,3.1030
02/02/2007,3.0990
05/02/2007,3.1030
06/02/2007,3.1020
07/02/2007,3.1020
08/02/2007,3.1050
09/02/2007,3.1060
12/02/2007,3.1040
13/02/2007,3.1020
14/02/2007,3.0980
15/02/2007,3.100
16/02/2007,3.1050
19/02/2007,3.1030
20/02/2007,3.1040
21/02/2007,3.1060
22/02/2007,3.1040
23/02/2007,3.1040
26/02/2007,3.1030
27/02/2007,3.1010
28/02/2007,3.10
01/03/2007,3.0970
02/03/2007,3.1000
05/03/2007,3.1020
06/03/2007,3.1030
07/03/2007,3.1040
08/03/2007,3.1050
09/03/2007,3.1060
12/03/2007,3.1030
13/03/2007,3.1010
14/03/2007,3.0980
15/03/2007,3.0980
16/03/2007,3.1010
19/03/2007,3.1000
20/03/2007,3.0990
21/03/2007,3.1000
22/03/2007,3.0990
23/03/2007,3.1020
26/03/2007,3.1040
27/03/2007,3.1060
28/03/2007,3.1040
29/03/2007,3.1020
30/03/2007,3.1000
03/04/2007,3.1010
04/04/2007,3.1000
09/04/2007,3.0970
10/04/2007,3.0940
11/04/2007,3.0910
12/04/2007,3.0850
13/04/2007,3.0900
16/04/2007,3.0870
17/04/2007,3.0830
18/04/2007,3.0850
19/04/2007,3.0880
20/04/2007,3.0880
23/04/2007,3.0830
24/04/2007,3.0830
25/04/2007,3.0860
26/04/2007,3.0880
27/04/2007,3.0900
30/04/2007,3.0900
02/05/2007,3.0850
03/05/2007,3.0840
04/05/2007,3.0830
07/05/2007,3.0800
08/05/2007,3.0800
09/05/2007,3.0790
10/05/2007,3.0810
11/05/2007,3.0800
14/05/2007,3.0780
15/05/2007,3.0760
16/05/2007,3.077
17/05/2007,3.075
18/05/2007,3.0780
21/05/2007,3.0750
22/05/2007,3.0780
23/05/2007,3.0830
24/05/2007,3.0840
28/05/2007,3.0830
29/05/2007,3.0810
30/05/2007,3.0800
31/05/2007,3.0770
01/06/2007,3.0740
04/06/2007,3.0720
05/06/2007,3.0770
06/06/2007,3.0760
07/06/2007,3.0770
08/06/2007,3.076
11/06/2007,3.075
12/06/2007,3.074
13/06/2007,3.074
14/06/2007,3.072
15/06/2007,3.0770
19/06/2007,3.0740
20/06/2007,3.0790
21/06/2007,3.0820
22/06/2007,3.0820
25/06/2007,3.0840
26/06/2007,3.0880
27/06/2007,3.0910
28/06/2007,3.0900
29/06/2007,3.0930
02/07/2007,3.0910
03/07/2007,3.0910
04/07/2007,3.0920
05/07/2007,3.1030
06/07/2007,3.1050
10/07/2007,3.1030
11/07/2007,3.1010
12/07/2007,3.1000
13/07/2007,3.1000
16/07/2007,3.1010
17/07/2007,3.1010
18/07/2007,3.1040
19/07/2007,3.1040
20/07/2007,3.1200
23/07/2007,3.1260
24/07/2007,3.16
25/07/2007,3.18
26/07/2007,3.1380
27/07/2007,3.1180
30/07/2007,3.1240
31/07/2007,3.1210
01/08/2007,3.1330
02/08/2007,3.1380
03/08/2007,3.1400
06/08/2007,3.1400
07/08/2007,3.1410
08/08/2007,3.1330
09/08/2007,3.1430
10/08/2007,3.1480
13/08/2007,3.1440
14/08/2007,3.1470
15/08/2007,3.1520
16/08/2007,3.1600
17/08/2007,3.1560
21/08/2007,3.1600
22/08/2007,3.1680
23/08/2007,3.1780
24/08/2007,3.1700
27/08/2007,3.1700
28/08/2007,3.1640
29/08/2007,3.1650
30/08/2007,3.1580
31/08/2007,3.1560
03/09/2007,3.1620
04/09/2007,3.1650
05/09/2007,3.1640
06/09/2007,3.1640
07/09/2007,3.1620
10/09/2007,3.1590
11/09/2007,3.1470
12/09/2007,3.1370
13/09/2007,3.1310
14/09/2007,3.1370
17/09/2007,3.1350
18/09/2007,3.1360
19/09/2007,3.1310
20/09/2007,3.1380
21/09/2007,3.1450
24/09/2007,3.1450
25/09/2007,3.1470
26/09/2007,3.1480
27/09/2007,3.1500
28/09/2007,3.1500
01/10/2007,3.1490
02/10/2007,3.1480
03/10/2007,3.1510
04/10/2007,3.1550
05/10/2007,3.1560
08/10/2007,3.1590
09/10/2007,3.1630
10/10/2007,3.1560
11/10/2007,3.1560
12/10/2007,3.1570
16/10/2007,3.16
17/10/2007,3.1610
18/10/2007,3.1620
19/10/2007,3.1630
22/10/2007,3.1690
23/10/2007,3.1730
24/10/2007,3.1790
25/10/2007,3.1790
26/10/2007,3.1710
29/10/2007,3.1570
30/10/2007,3.1480
31/10/2007,3.1420
01/11/2007,3.1320
02/11/2007,3.1290
05/11/2007,3.1330
07/11/2007,3.1260
08/11/2007,3.1300
09/11/2007,3.1290
12/11/2007,3.1320
13/11/2007,3.1350
14/11/2007,3.1280
15/11/2007,3.1240
16/11/2007,3.1320
19/11/2007,3.1300
20/11/2007,3.1320
21/11/2007,3.1390
22/11/2007,3.1410
23/11/2007,3.1430
26/11/2007,3.1430
27/11/2007,3.1500
28/11/2007,3.1490
29/11/2007,3.1480
30/11/2007,3.1450
03/12/2007,3.1390
04/12/2007,3.1360
05/12/2007,3.1320
06/12/2007,3.1340
07/12/2007,3.1380
10/12/2007,3.1380
11/12/2007,3.1390
12/12/2007,3.1390
13/12/2007,3.1420
14/12/2007,3.1420
17/12/2007,3.1400
18/12/2007,3.1370
19/12/2007,3.1320
20/12/2007,3.1360
21/12/2007,3.1410
26/12/2007,3.1440
27/12/2007,3.1490
28/12/2007,3.1490
02/01/2008,3.1450
03/01/2008,3.1410
04/01/2008,3.1400
07/01/2008,3.1360
08/01/2008,3.1300
09/01/2008,3.1290
10/01/2008,3.1290
11/01/2008,3.1280
14/01/2008,3.1370
15/01/2008,3.1410
16/01/2008,3.1460
17/01/2008,3.1500
18/01/2008,3.1520
21/01/2008,3.1580
22/01/2008,3.1570
23/01/2008,3.1580
24/01/2008,3.1530
25/01/2008,3.1500
28/01/2008,3.1510
29/01/2008,3.1520
30/01/2008,3.1560
31/01/2008,3.1580
01/02/2008,3.1540
04/02/2008,3.1580
05/02/2008,3.1640
06/02/2008,3.1690
07/02/2008,3.1690
08/02/2008,3.1690
11/02/2008,3.1680
12/02/2008,3.1620
13/02/2008,3.1560
14/02/2008,3.1560
15/02/2008,3.1530
18/02/2008,3.1530
19/02/2008,3.1540
20/02/2008,3.1510
21/02/2008,3.1510
22/02/2008,3.1570
25/02/2008,3.1580
26/02/2008,3.1590
27/02/2008,3.1580
28/02/2008,3.1570
29/02/2008,3.1610
03/03/2008,3.1590
04/03/2008,3.1530
05/03/2008,3.1520
06/03/2008,3.1540
07/03/2008,3.1560
10/03/2008,3.1580
11/03/2008,3.1520
12/03/2008,3.1520
13/03/2008,3.1480
14/03/2008,3.1460
17/03/2008,3.1480
18/03/2008,3.1470
19/03/2008,3.1570
25/03/2008,3.1620
26/03/2008,3.1690
27/03/2008,3.1650
28/03/2008,3.1620
31/03/2008,3.1680
01/04/2008,3.17
03/04/2008,3.1640
04/04/2008,3.1630
07/04/2008,3.1590
08/04/2008,3.1590
09/04/2008,3.1590
10/04/2008,3.1560
11/04/2008,3.1530
14/04/2008,3.1540
15/04/2008,3.1610
16/04/2008,3.1660
17/04/2008,3.1720
18/04/2008,3.1700
21/04/2008,3.1800
22/04/2008,3.1820
23/04/2008,3.1810
24/04/2008,3.1840
25/04/2008,3.1740
28/04/2008,3.1720
29/04/2008,3.1670
30/04/2008,3.1640
02/05/2008,3.1720
05/05/2008,3.1740
06/05/2008,3.1770
07/05/2008,3.1840
08/05/2008,3.1770
09/05/2008,3.1770
12/05/2008,3.1770
13/05/2008,3.1650
14/05/2008,3.1630
15/05/2008,3.1610
16/05/2008,3.1460
19/05/2008,3.1490
20/05/2008,3.1400
21/05/2008,3.1330
22/05/2008,3.1340
23/05/2008,3.1340
26/05/2008,3.1420
27/05/2008,3.1280
28/05/2008,3.1160
29/05/2008,3.1110
30/05/2008,3.0990
03/06/2008,3.0680
04/06/2008,3.0740
05/06/2008,3.0610
06/06/2008,3.0680
09/06/2008,3.0640
10/06/2008,3.0650
11/06/2008,3.0610
12/06/2008,3.0530
13/06/2008,3.0400
17/06/2008,3.0350
18/06/2008,3.0350
19/06/2008,3.0360
20/06/2008,3.0340
23/06/2008,3.0190
24/06/2008,3.0160
25/06/2008,3.0180
26/06/2008,3.0270
27/06/2008,3.0260
30/06/2008,3.0250
01/07/2008,3.0220
02/07/2008,3.02
03/07/2008,3.0280
04/07/2008,3.0260
07/07/2008,3.0170
08/07/2008,3.0140
10/07/2008,3.0180
11/07/2008,3.022
14/07/2008,3.0240
15/07/2008,3.0240
16/07/2008,3.0280
17/07/2008,3.0230
18/07/2008,3.0230
21/07/2008,3.0240
22/07/2008,3.0230
23/07/2008,3.0180
24/07/2008,3.017
25/07/2008,3.018
28/07/2008,3.02
29/07/2008,3.0250
30/07/2008,3.0260
31/07/2008,3.0440
01/08/2008,3.0420
04/08/2008,3.0380
05/08/2008,3.0420
06/08/2008,3.0440
07/08/2008,3.0470
08/08/2008,3.0520
11/08/2008,3.0330
12/08/2008,3.0360
13/08/2008,3.03
14/08/2008,3.0290
15/08/2008,3.03
19/08/2008,3.0280
20/08/2008,3.0280
21/08/2008,3.0250
22/08/2008,3.0250
25/08/2008,3.026
26/08/2008,3.026
27/08/2008,3.0270
28/08/2008,3.0270
29/08/2008,3.03
01/09/2008,3.028
02/09/2008,3.0380
03/09/2008,3.037
04/09/2008,3.038
05/09/2008,3.04
08/09/2008,3.05
09/09/2008,3.057
10/09/2008,3.0740
11/09/2008,3.08
12/09/2008,3.082
15/09/2008,3.0870
16/09/2008,3.095
17/09/2008,3.1050
18/09/2008,3.1190
19/09/2008,3.1150
22/09/2008,3.10
23/09/2008,3.099
24/09/2008,3.1060
25/09/2008,3.1130
26/09/2008,3.1160
29/09/2008,3.1180
30/09/2008,3.1350
01/10/2008,3.1340
02/10/2008,3.1440
03/10/2008,3.1620
06/10/2008,3.1970
07/10/2008,3.2150
08/10/2008,3.2230
09/10/2008,3.2310
10/10/2008,3.2240
14/10/2008,3.1920
15/10/2008,3.1980
16/10/2008,3.2050
17/10/2008,3.2120
20/10/2008,3.2220
21/10/2008,3.2110
22/10/2008,3.2230
23/10/2008,3.2550
24/10/2008,3.2780
27/10/2008,3.30
28/10/2008,3.3680
29/10/2008,3.37
30/10/2008,3.3850
31/10/2008,3.3880
03/11/2008,3.3870
04/11/2008,3.2850
05/11/2008,3.3100
07/11/2008,3.3070
10/11/2008,3.30
11/11/2008,3.30
12/11/2008,3.3050
13/11/2008,3.31
14/11/2008,3.3140
17/11/2008,3.3160
18/11/2008,3.3210
19/11/2008,3.3270
20/11/2008,3.3290
21/11/2008,3.3330
24/11/2008,3.3360
25/11/2008,3.34
26/11/2008,3.3480
27/11/2008,3.3620
28/11/2008,3.373
01/12/2008,3.3830
02/12/2008,3.3960
03/12/2008,3.4090
04/12/2008,3.4430
05/12/2008,3.4680
09/12/2008,3.4350
10/12/2008,3.4150
11/12/2008,3.41
12/12/2008,3.4230
15/12/2008,3.42
16/12/2008,3.402
17/12/2008,3.406
18/12/2008,3.405
19/12/2008,3.416
22/12/2008,3.425
23/12/2008,3.4340
24/12/2008,3.4350
26/12/2008,3.44
29/12/2008,3.445
30/12/2008,3.4520
31/12/2008,3.453
02/01/2009,3.4580
05/01/2009,3.4510
06/01/2009,3.4530
07/01/2009,3.4550
08/01/2009,3.45
09/01/2009,3.4490
12/01/2009,3.4490
13/01/2009,3.4510
14/01/2009,3.4510
15/01/2009,3.453
16/01/2009,3.4560
19/01/2009,3.4560
20/01/2009,3.46
21/01/2009,3.47
22/01/2009,3.475
23/01/2009,3.479
26/01/2009,3.4810
27/01/2009,3.4840
28/01/2009,3.4880
29/01/2009,3.4850
30/01/2009,3.4880
02/02/2009,3.4910
03/02/2009,3.50
04/02/2009,3.4870
05/02/2009,3.4860
06/02/2009,3.4860
09/02/2009,3.4870
10/02/2009,3.4840
11/02/2009,3.49
12/02/2009,3.491
13/02/2009,3.496
16/02/2009,3.4970
17/02/2009,3.5040
18/02/2009,3.51
19/02/2009,3.5340
20/02/2009,3.538
23/02/2009,3.5480
24/02/2009,3.5540
25/02/2009,3.555
26/02/2009,3.5580
27/02/2009,3.5670
02/03/2009,3.6010
03/03/2009,3.6110
04/03/2009,3.6180
05/03/2009,3.6220
06/03/2009,3.6310
09/03/2009,3.6370
10/03/2009,3.6370
11/03/2009,3.6420
12/03/2009,3.646
13/03/2009,3.65
16/03/2009,3.6430
17/03/2009,3.6480
18/03/2009,3.656
19/03/2009,3.6490
20/03/2009,3.6570
23/03/2009,3.6890
25/03/2009,3.688
26/03/2009,3.6940
27/03/2009,3.7160
30/03/2009,3.7170
31/03/2009,3.72
01/04/2009,3.7120
03/04/2009,3.6940
06/04/2009,3.674
07/04/2009,3.674
08/04/2009,3.6770
13/04/2009,3.68
14/04/2009,3.6780
15/04/2009,3.6770
16/04/2009,3.679
17/04/2009,3.6840
20/04/2009,3.6890
21/04/2009,3.6920
22/04/2009,3.6960
23/04/2009,3.6970
24/04/2009,3.6970
27/04/2009,3.7040
28/04/2009,3.7160
29/04/2009,3.7210
30/04/2009,3.7140
04/05/2009,3.695
05/05/2009,3.6990
06/05/2009,3.7110
07/05/2009,3.7210
08/05/2009,3.7210
11/05/2009,3.72
12/05/2009,3.7210
13/05/2009,3.725
14/05/2009,3.727
15/05/2009,3.7280
18/05/2009,3.7270
19/05/2009,3.7280
20/05/2009,3.7320
21/05/2009,3.7360
22/05/2009,3.7370
26/05/2009,3.7390
27/05/2009,3.7370
28/05/2009,3.7440
29/05/2009,3.7490
01/06/2009,3.7450
02/06/2009,3.7430
03/06/2009,3.7440
04/06/2009,3.7430
05/06/2009,3.7570
08/06/2009,3.7590
09/06/2009,3.76
10/06/2009,3.76
11/06/2009,3.76
12/06/2009,3.7640
16/06/2009,3.766
17/06/2009,3.767
18/06/2009,3.7680
19/06/2009,3.7750
22/06/2009,3.7810
23/06/2009,3.7930
24/06/2009,3.7920
25/06/2009,3.7950
26/06/2009,3.7980
29/06/2009,3.7900
30/06/2009,3.7970
01/07/2009,3.7990
02/07/2009,3.8010
03/07/2009,3.8030
06/07/2009,3.8030
07/07/2009,3.8030
08/07/2009,3.8050
13/07/2009,3.8080
14/07/2009,3.8060
15/07/2009,3.8070
16/07/2009,3.8070
17/07/2009,3.8080
20/07/2009,3.8080
21/07/2009,3.8080
22/07/2009,3.8080
23/07/2009,3.8080
24/07/2009,3.8090
27/07/2009,3.81
28/07/2009,3.815
29/07/2009,3.8240
30/07/2009,3.8290
31/07/2009,3.83
03/08/2009,3.8260
04/08/2009,3.8230
05/08/2009,3.8250
06/08/2009,3.8260
07/08/2009,3.8270
10/08/2009,3.8290
11/08/2009,3.8310
12/08/2009,3.8340
13/08/2009,3.8370
14/08/2009,3.8400
18/08/2009,3.8460
19/08/2009,3.8480
20/08/2009,3.8490
21/08/2009,3.8490
24/08/2009,3.85
25/08/2009,3.85
26/08/2009,3.8480
27/08/2009,3.8480
28/08/2009,3.85
31/08/2009,3.8510
01/09/2009,3.8450
02/09/2009,3.8460
03/09/2009,3.8460
04/09/2009,3.8470
07/09/2009,3.8490
08/09/2009,3.8510
09/09/2009,3.854
10/09/2009,3.853
11/09/2009,3.8540
14/09/2009,3.8420
15/09/2009,3.8310
16/09/2009,3.8280
17/09/2009,3.8320
18/09/2009,3.8390
21/09/2009,3.8360
22/09/2009,3.8370
23/09/2009,3.8370
24/09/2009,3.8370
25/09/2009,3.838
28/09/2009,3.8410
29/09/2009,3.8430
30/09/2009,3.8430
01/10/2009,3.8440
02/10/2009,3.8440
05/10/2009,3.84
06/10/2009,3.8340
07/10/2009,3.8340
08/10/2009,3.833
09/10/2009,3.829
13/10/2009,3.8250
14/10/2009,3.8220
15/10/2009,3.8190
16/10/2009,3.8210
19/10/2009,3.8220
20/10/2009,3.8210
21/10/2009,3.8210
22/10/2009,3.8220
23/10/2009,3.82
26/10/2009,3.82
27/10/2009,3.82
28/10/2009,3.82
29/10/2009,3.82
30/10/2009,3.8190
02/11/2009,3.8190
03/11/2009,3.8180
04/11/2009,3.8180
05/11/2009,3.817
09/11/2009,3.816
10/11/2009,3.815
11/11/2009,3.813
12/11/2009,3.814
13/11/2009,3.814
16/11/2009,3.815
17/11/2009,3.814
18/11/2009,3.81
19/11/2009,3.8030
20/11/2009,3.80
23/11/2009,3.7990
24/11/2009,3.802
25/11/2009,3.803
26/11/2009,3.806
27/11/2009,3.8090
30/11/2009,3.8110
01/12/2009,3.8120
02/12/2009,3.8110
03/12/2009,3.8090
04/12/2009,3.8070
07/12/2009,3.8040
09/12/2009,3.7990
10/12/2009,3.8010
11/12/2009,3.803
14/12/2009,3.811
15/12/2009,3.811
16/12/2009,3.81
17/12/2009,3.82
18/12/2009,3.813
21/12/2009,3.8080
22/12/2009,3.80
23/12/2009,3.795
24/12/2009,3.792
28/12/2009,3.799
29/12/2009,3.8270
30/12/2009,3.80
31/12/2009,3.80
04/01/2010,3.7980
05/01/2010,3.799
06/01/2010,3.81
07/01/2010,3.7950
08/01/2010,3.798
11/01/2010,3.7940
12/01/2010,3.7940
13/01/2010,3.7970
14/01/2010,3.7970
15/01/2010,3.7970
18/01/2010,3.7990
19/01/2010,3.8010
20/01/2010,3.8040
21/01/2010,3.8080
22/01/2010,3.8070
25/01/2010,3.806
26/01/2010,3.814
27/01/2010,3.814
28/01/2010,3.819
29/01/2010,3.835
01/02/2010,3.836
02/02/2010,3.832
03/02/2010,3.834
04/02/2010,3.841
05/02/2010,3.84
08/02/2010,3.841
09/02/2010,3.8430
10/02/2010,3.847
11/02/2010,3.85
12/02/2010,3.8540
15/02/2010,3.86
16/02/2010,3.857
17/02/2010,3.856
18/02/2010,3.858
19/02/2010,3.858
22/02/2010,3.863
23/02/2010,3.86
24/02/2010,3.86
25/02/2010,3.8590
26/02/2010,3.8590
01/03/2010,3.857
02/03/2010,3.855
03/03/2010,3.855
04/03/2010,3.8560
05/03/2010,3.859
08/03/2010,3.859
09/03/2010,3.8620
10/03/2010,3.858
11/03/2010,3.859
12/03/2010,3.86
15/03/2010,3.863
16/03/2010,3.862
17/03/2010,3.862
18/03/2010,3.862
19/03/2010,3.864
22/03/2010,3.864
23/03/2010,3.865
25/03/2010,3.867
26/03/2010,3.867
29/03/2010,3.873
30/03/2010,3.875
31/03/2010,3.8780
05/04/2010,3.879
06/04/2010,3.88
07/04/2010,3.8760
08/04/2010,3.8760
09/04/2010,3.8760
12/04/2010,3.878
13/04/2010,3.879
14/04/2010,3.876
15/04/2010,3.872
16/04/2010,3.8690
19/04/2010,3.8690
20/04/2010,3.8710
21/04/2010,3.8710
22/04/2010,3.8710
23/04/2010,3.872
26/04/2010,3.873
27/04/2010,3.878
28/04/2010,3.8810
29/04/2010,3.8830
30/04/2010,3.8880
03/05/2010,3.8880
04/05/2010,3.8950
05/05/2010,3.8950
06/05/2010,3.8950
07/05/2010,3.8950
10/05/2010,3.8950
11/05/2010,3.896
12/05/2010,3.895
13/05/2010,3.895
14/05/2010,3.8970
17/05/2010,3.9030
18/05/2010,3.909
19/05/2010,3.906
20/05/2010,3.905
21/05/2010,3.906
26/05/2010,3.9110
27/05/2010,3.912
28/05/2010,3.92
31/05/2010,3.9290
01/06/2010,3.93
02/06/2010,3.925
03/06/2010,3.92
04/06/2010,3.924
07/06/2010,3.922
08/06/2010,3.9160
09/06/2010,3.917
10/06/2010,3.919
11/06/2010,3.923
14/06/2010,3.926
15/06/2010,3.926
16/06/2010,3.926
17/06/2010,3.926
18/06/2010,3.926
22/06/2010,3.9290
23/06/2010,3.927
24/06/2010,3.93
25/06/2010,3.932
28/06/2010,3.9330
29/06/2010,3.9320
30/06/2010,3.9310
01/07/2010,3.9330
02/07/2010,3.9340
05/07/2010,3.935
06/07/2010,3.935
07/07/2010,3.936
08/07/2010,3.937
12/07/2010,3.936
13/07/2010,3.934
14/07/2010,3.934
15/07/2010,3.935
16/07/2010,3.934
19/07/2010,3.935
20/07/2010,3.934
21/07/2010,3.934
22/07/2010,3.932
23/07/2010,3.931
26/07/2010,3.9320
27/07/2010,3.933
28/07/2010,3.935
29/07/2010,3.937
30/07/2010,3.94
02/08/2010,3.938
03/08/2010,3.934
04/08/2010,3.933
05/08/2010,3.933
06/08/2010,3.933
09/08/2010,3.932
10/08/2010,3.933
11/08/2010,3.9340
12/08/2010,3.9330
13/08/2010,3.9330
17/08/2010,3.9340
18/08/2010,3.9360
19/08/2010,3.937
20/08/2010,3.938
23/08/2010,3.939
24/08/2010,3.9420
25/08/2010,3.945
26/08/2010,3.9440
27/08/2010,3.9440
30/08/2010,3.95
31/08/2010,3.95
01/09/2010,3.95
02/09/2010,3.947
03/09/2010,3.945
06/09/2010,3.944
07/09/2010,3.947
08/09/2010,3.946
09/09/2010,3.945
10/09/2010,3.945
13/09/2010,3.948
14/09/2010,3.949
15/09/2010,3.95
16/09/2010,3.949
17/09/2010,3.9510
20/09/2010,3.95
21/09/2010,3.9510
22/09/2010,3.9520
23/09/2010,3.9530
24/09/2010,3.96
27/09/2010,3.9710
28/09/2010,3.973
29/09/2010,3.9640
30/09/2010,3.9600
01/10/2010,3.9610
04/10/2010,3.96
05/10/2010,3.9580
06/10/2010,3.96
07/10/2010,3.958
08/10/2010,3.956
12/10/2010,3.955
13/10/2010,3.952
14/10/2010,3.9480
15/10/2010,3.9550
18/10/2010,3.954
19/10/2010,3.957
20/10/2010,3.958
21/10/2010,3.958
22/10/2010,3.956
25/10/2010,3.955
26/10/2010,3.9580
28/10/2010,3.9570
29/10/2010,3.9570
01/11/2010,3.959
02/11/2010,3.958
03/11/2010,3.957
04/11/2010,3.959
05/11/2010,3.958
08/11/2010,3.9630
09/11/2010,3.9620
10/11/2010,3.9610
11/11/2010,3.9620
12/11/2010,3.9650
15/11/2010,3.9700
16/11/2010,3.9730
17/11/2010,3.9730
18/11/2010,3.9730
19/11/2010,3.9730
23/11/2010,3.9730
24/11/2010,3.9730
25/11/2010,3.9750
26/11/2010,3.9800
29/11/2010,3.9850
30/11/2010,3.9880
01/12/2010,3.9830
02/12/2010,3.9800
03/12/2010,3.9780
06/12/2010,3.9780
07/12/2010,3.9780
09/12/2010,3.9770
10/12/2010,3.9750
13/12/2010,3.9730
14/12/2010,3.9740
15/12/2010,3.9740
16/12/2010,3.9750
17/12/2010,3.9740
20/12/2010,3.9740
21/12/2010,3.9730
22/12/2010,3.9720
23/12/2010,3.9780
27/12/2010,3.9840
28/12/2010,3.9810
29/12/2010,3.9780
30/12/2010,3.9760
03/01/2011,3.9730
04/01/2011,3.9730
05/01/2011,3.9720
06/01/2011,3.9720
07/01/2011,3.978
10/01/2011,3.978
11/01/2011,3.978
12/01/2011,3.976
13/01/2011,3.976
14/01/2011,3.978
17/01/2011,3.979
18/01/2011,3.983
19/01/2011,3.983
20/01/2011,3.983
21/01/2011,3.983
24/01/2011,3.985
25/01/2011,3.99
26/01/2011,3.99
27/01/2011,3.995
28/01/2011,4.001
31/01/2011,4.0080
01/02/2011,4.009
02/02/2011,4.017
03/02/2011,4.0150
04/02/2011,4.0170
07/02/2011,4.0190
08/02/2011,4.0170
09/02/2011,4.0170
10/02/2011,4.0200
11/02/2011,4.022
14/02/2011,4.0230
15/02/2011,4.0250
16/02/2011,4.023
17/02/2011,4.024
18/02/2011,4.025
21/02/2011,4.0280
22/02/2011,4.0280
23/02/2011,4.0290
24/02/2011,4.0280
25/02/2011,4.0290
28/02/2011,4.0300
01/03/2011,4.0310
02/03/2011,4.0300
03/03/2011,4.0290
04/03/2011,4.03
09/03/2011,4.033
10/03/2011,4.031
11/03/2011,4.0280
14/03/2011,4.0290
15/03/2011,4.0340
16/03/2011,4.0380
17/03/2011,4.039
18/03/2011,4.039
21/03/2011,4.0410
22/03/2011,4.0420
23/03/2011,4.0420
28/03/2011,4.0440
29/03/2011,4.0470
30/03/2011,4.0500
31/03/2011,4.054
01/04/2011,4.054
04/04/2011,4.0520
05/04/2011,4.0540
06/04/2011,4.0540
07/04/2011,4.0530
08/04/2011,4.0500
11/04/2011,4.0500
12/04/2011,4.0550
13/04/2011,4.0580
14/04/2011,4.0670
15/04/2011,4.0670
18/04/2011,4.0740
19/04/2011,4.0760
20/04/2011,4.0790
25/04/2011,4.0820
26/04/2011,4.0820
27/04/2011,4.0850
28/04/2011,4.0800
29/04/2011,4.0800
02/05/2011,4.079
03/05/2011,4.078
04/05/2011,4.079
05/05/2011,4.0800
06/05/2011,4.0810
09/05/2011,4.0820
10/05/2011,4.0810
11/05/2011,4.083
12/05/2011,4.082
13/05/2011,4.083
16/05/2011,4.0840
17/05/2011,4.0850
18/05/2011,4.086
19/05/2011,4.087
20/05/2011,4.086
23/05/2011,4.087
24/05/2011,4.086
26/05/2011,4.086
27/05/2011,4.086
30/05/2011,4.088
31/05/2011,4.0900
01/06/2011,4.0890
02/06/2011,4.09
03/06/2011,4.09
06/06/2011,4.092
07/06/2011,4.092
08/06/2011,4.092
09/06/2011,4.093
10/06/2011,4.092
13/06/2011,4.092
14/06/2011,4.093
15/06/2011,4.0940
16/06/2011,4.0940
17/06/2011,4.095
21/06/2011,4.098
22/06/2011,4.099
23/06/2011,4.099
24/06/2011,4.10
27/06/2011,4.102
28/06/2011,4.1040
29/06/2011,4.11
30/06/2011,4.11
01/07/2011,4.11
04/07/2011,4.1150
05/07/2011,4.1160
06/07/2011,4.1180
07/07/2011,4.1210
08/07/2011,4.1210
11/07/2011,4.1220
12/07/2011,4.1220
13/07/2011,4.1220
14/07/2011,4.1220
15/07/2011,4.1250
18/07/2011,4.1280
19/07/2011,4.1360
20/07/2011,4.1360
21/07/2011,4.1390
22/07/2011,4.1390
25/07/2011,4.1390
26/07/2011,4.1370
27/07/2011,4.1380
28/07/2011,4.1420
29/07/2011,4.1450
01/08/2011,4.1470
02/08/2011,4.148
03/08/2011,4.1510
04/08/2011,4.1530
05/08/2011,4.1560
08/08/2011,4.1540
09/08/2011,4.1570
10/08/2011,4.1570
11/08/2011,4.1590
12/08/2011,4.1580
15/08/2011,4.1610
16/08/2011,4.1630
17/08/2011,4.1670
18/08/2011,4.1730
19/08/2011,4.178
23/08/2011,4.1840
24/08/2011,4.1860
25/08/2011,4.1850
26/08/2011,4.1840
29/08/2011,4.1880
30/08/2011,4.1950
31/08/2011,4.20
01/09/2011,4.2240
02/09/2011,4.2020
05/09/2011,4.2080
06/09/2011,4.2080
07/09/2011,4.2070
08/09/2011,4.2020
09/09/2011,4.2030
12/09/2011,4.2040
13/09/2011,4.2040
14/09/2011,4.2040
15/09/2011,4.2050
16/09/2011,4.2050
19/09/2011,4.2050
20/09/2011,4.19
21/09/2011,4.189
22/09/2011,4.20
23/09/2011,4.205
26/09/2011,4.205
27/09/2011,4.205
28/09/2011,4.205
29/09/2011,4.205
30/09/2011,4.205
03/10/2011,4.205
04/10/2011,4.205
05/10/2011,4.207
06/10/2011,4.21
07/10/2011,4.21
11/10/2011,4.211
12/10/2011,4.211
13/10/2011,4.2130
14/10/2011,4.2160
17/10/2011,4.2250
18/10/2011,4.2250
19/10/2011,4.2350
20/10/2011,4.2350
21/10/2011,4.2350
24/10/2011,4.2360
25/10/2011,4.2360
26/10/2011,4.2360
27/10/2011,4.2360
28/10/2011,4.2360
31/10/2011,4.2360
01/11/2011,4.2410
02/11/2011,4.2500
03/11/2011,4.2500
04/11/2011,4.2560
07/11/2011,4.2600
08/11/2011,4.2600
09/11/2011,4.2620
10/11/2011,4.2630
11/11/2011,4.2720
14/11/2011,4.2750
15/11/2011,4.2630
16/11/2011,4.2570
17/11/2011,4.2560
18/11/2011,4.257
21/11/2011,4.258
22/11/2011,4.2590
23/11/2011,4.2620
24/11/2011,4.2630
25/11/2011,4.2630
29/11/2011,4.2750
30/11/2011,4.2810
01/12/2011,4.2820
02/12/2011,4.2830
05/12/2011,4.2860
06/12/2011,4.2780
07/12/2011,4.2780
12/12/2011,4.2790
13/12/2011,4.2790
14/12/2011,4.2810
15/12/2011,4.2840
16/12/2011,4.29
19/12/2011,4.292
20/12/2011,4.292
21/12/2011,4.292
22/12/2011,4.292
23/12/2011,4.292
27/12/2011,4.305
28/12/2011,4.3030
29/12/2011,4.304
30/12/2011,4.304
03/01/2012,4.304
04/01/2012,4.3060
05/01/2012,4.3110
06/01/2012,4.3170
09/01/2012,4.3350
10/01/2012,4.3130
11/01/2012,4.3120
12/01/2012,4.3120
13/01/2012,4.3120
16/01/2012,4.3170
17/01/2012,4.3180
18/01/2012,4.32
19/01/2012,4.3210
20/01/2012,4.3230
23/01/2012,4.3280
24/01/2012,4.3340
25/01/2012,4.3380
26/01/2012,4.3360
27/01/2012,4.3350
30/01/2012,4.3360
31/01/2012,4.3370
01/02/2012,4.3340
02/02/2012,4.3330
03/02/2012,4.3330
06/02/2012,4.3360
07/02/2012,4.3380
08/02/2012,4.3380
09/02/2012,4.3460
10/02/2012,4.3460
11/02/2012,4.3450
12/02/2012,4.3450
13/02/2012,4.3460
14/02/2012,4.3490
15/02/2012,4.3490
16/02/2012,4.3530
17/02/2012,4.3530
18/02/2012,4.35
19/02/2012,4.35
20/02/2012,4.3540
21/02/2012,4.3540
22/02/2012,4.3540
23/02/2012,4.3540
24/02/2012,4.3550
25/02/2012,4.3550
26/02/2012,4.3550
27/02/2012,4.3550
28/02/2012,4.3560
29/02/2012,4.3570
01/03/2012,4.3460
02/03/2012,4.3460
03/03/2012,4.3350
04/03/2012,4.3350
05/03/2012,4.3350
06/03/2012,4.3350
07/03/2012,4.333
08/03/2012,4.339
09/03/2012,4.3430
10/03/2012,4.3430
11/03/2012,4.3430
12/03/2012,4.3480
13/03/2012,4.3650
14/03/2012,4.357
15/03/2012,4.357
16/03/2012,4.352
17/03/2012,4.360
18/03/2012,4.360
19/03/2012,4.363
20/03/2012,4.365
21/03/2012,4.367
22/03/2012,4.367
23/03/2012,4.369
24/03/2012,4.369
25/03/2012,4.369
26/03/2012,4.372
27/03/2012,4.373
28/03/2012,4.374
29/03/2012,4.377
30/03/2012,4.379
31/03/2012,4.379
01/04/2012,4.379
02/04/2012,4.379
03/04/2012,4.382
04/04/2012,4.388
05/04/2012,4.388
06/04/2012,4.388
07/04/2012,4.388
08/04/2012,4.388
09/04/2012,4.400
10/04/2012,4.384
11/04/2012,4.384
12/04/2012,4.395
13/04/2012,4.395
16/04/2012,4.394
17/04/2012,4.397
18/04/2012,4.402
19/04/2012,4.404
20/04/2012,4.406
21/04/2012,4.406
22/04/2012,4.406
23/04/2012,4.408
24/04/2012,4.408
25/04/2012,4.414
26/04/2012,4.415
27/04/2012,4.417
28/04/2012,4.417
29/04/2012,4.417
30/04/2012,4.417
01/05/2012,4.417
02/05/2012,4.417
03/05/2012,4.428
04/05/2012,4.428
05/05/2012,4.428
06/05/2012,4.428
07/05/2012,4.437
08/05/2012,4.438
09/05/2012,4.440
10/05/2012,4.440
11/05/2012,4.440
12/05/2012,4.440
13/05/2012,4.440
14/05/2012,4.443
15/05/2012,4.443
16/05/2012,4.447
17/05/2012,4.447
18/05/2012,4.459
19/05/2012,4.459
20/05/2012,4.459
21/05/2012,4.465
22/05/2012,4.468
23/05/2012,4.469
24/05/2012,4.469
26/05/2012,4.470
27/05/2012,4.470
28/05/2012,4.474
29/05/2012,4.474
30/05/2012,4.471
31/05/2012,4.471
01/06/2012,4.471
02/06/2012,4.471
03/06/2012,4.471
04/06/2012,4.474
05/06/2012,4.484
06/06/2012,4.484
07/06/2012,4.496
08/06/2012,4.486
09/06/2012,4.486
10/06/2012,4.486
11/06/2012,4.490
12/06/2012,4.490
13/06/2012,4.492
14/06/2012,4.495
15/06/2012,4.496
16/06/2012,4.496
17/06/2012,4.496
18/06/2012,4.496
19/06/2012,4.503
20/06/2012,4.503
21/06/2012,4.508
22/06/2012,4.512
23/06/2012,4.512
24/06/2012,4.512
25/06/2012,4.514
26/06/2012,4.517
27/06/2012,4.518
28/06/2012,4.523
29/06/2012,4.527
30/06/2012,4.527
01/07/2012,4.527
02/07/2012,4.527
03/07/2012,4.525
04/07/2012,4.527
05/07/2012,4.530
06/07/2012,4.535
07/07/2012,4.535
08/07/2012,4.535
09/07/2012,4.535
10/07/2012,4.538
11/07/2012,4.538
12/07/2012,4.546
13/07/2012,4.547
14/07/2012,4.547
15/07/2012,4.547
16/07/2012,4.548
17/07/2012,4.552
18/07/2012,4.557
19/07/2012,4.557
20/07/2012,4.564
21/07/2012,4.564
22/07/2012,4.564
23/07/2012,4.564
24/07/2012,4.573
25/07/2012,4.573
26/07/2012,4.574
27/07/2012,4.580
28/07/2012,4.580
29/07/2012,4.580
30/07/2012,4.580
31/07/2012,4.585
01/08/2012,4.587
02/08/2012,4.587
03/08/2012,4.589
04/08/2012,4.589
05/08/2012,4.589
06/08/2012,4.592
07/08/2012,4.595
08/08/2012,4.598
09/08/2012,4.598
10/08/2012,4.601
11/08/2012,4.601
12/08/2012,4.601
13/08/2012,4.605
14/08/2012,4.606
15/08/2012,4.608
16/08/2012,4.611
17/08/2012,4.616
18/08/2012,4.616
19/08/2012,4.616
20/08/2012,4.616
21/08/2012,4.618
22/08/2012,4.618
23/08/2012,4.617
24/08/2012,4.617
25/08/2012,4.625
26/08/2012,4.625
27/08/2012,4.629
28/08/2012,4.629
29/08/2012,4.632
30/08/2012,4.629
31/08/2012,4.638
01/09/2012,4.638
02/09/2012,4.638
03/09/2012,4.638
04/09/2012,4.649
05/09/2012,4.649
06/09/2012,4.655
07/09/2012,4.661
08/09/2012,4.661
09/09/2012,4.661
10/09/2012,4.661
11/09/2012,4.661
12/09/2012,4.661
13/09/2012,4.665
14/09/2012,4.671
15/09/2012,4.671
16/09/2012,4.671
17/09/2012,4.674
18/09/2012,4.677
19/09/2012,4.681
20/09/2012,4.681
21/09/2012,4.686
22/09/2012,4.686
23/09/2012,4.686
24/09/2012,4.686
25/09/2012,4.689
26/09/2012,4.689
27/09/2012,4.692
28/09/2012,4.697
29/09/2012,4.697
30/09/2012,4.697
01/10/2012,4.699
02/10/2012,4.699
03/10/2012,4.703
04/10/2012,4.706
05/10/2012,4.709
06/10/2012,4.709
07/10/2012,4.709
09/10/2012,4.709
10/10/2012,4.715
11/10/2012,4.715
12/10/2012,4.723
13/10/2012,4.723
14/10/2012,4.723
15/10/2012,4.727
16/10/2012,4.731
17/10/2012,4.732
18/10/2012,4.735
19/10/2012,4.738
20/10/2012,4.738
21/10/2012,4.738
22/10/2012,4.742
23/10/2012,4.743
24/10/2012,4.748
25/10/2012,4.752
26/10/2012,4.752
27/10/2012,4.752
28/10/2012,4.752
29/10/2012,4.757
30/10/2012,4.763
31/10/2012,4.766
01/11/2012,4.766
02/11/2012,4.770
03/11/2012,4.769
04/11/2012,4.769
05/11/2012,4.770
06/11/2012,4.770
07/11/2012,4.770
08/11/2012,4.774
09/11/2012,4.778
10/11/2012,4.778
11/11/2012,4.778
12/11/2012,4.778
13/11/2012,4.785
14/11/2012,4.787
15/11/2012,4.787
16/11/2012,4.810
17/11/2012,4.80
18/11/2012,4.80
19/11/2012,4.80
20/11/2012,4.807
21/11/2012,4.816
22/11/2012,4.816
23/11/2012,4.823
24/11/2012,4.818
25/11/2012,4.818
27/11/2012,4.818
28/11/2012,4.830
29/11/2012,4.831
30/11/2012,4.838
01/12/2012,4.838
02/12/2012,4.838
03/12/2012,4.838
04/12/2012,4.847
05/12/2012,4.851
06/12/2012,4.858
07/12/2012,4.863
08/12/2012,4.863
09/12/2012,4.863
10/12/2012,4.863
11/12/2012,4.863
12/12/2012,4.872
13/12/2012,4.874
14/12/2012,4.878
15/12/2012,4.878
16/12/2012,4.878
17/12/2012,4.884
18/12/2012,4.889
19/12/2012,4.889
20/12/2012,4.9
21/12/2012,4.905
22/12/2012,4.905
23/12/2012,4.905
26/12/2012,4.905
27/12/2012,4.9130
28/12/2012,4.9130
29/12/2012,4.914
30/12/2012,4.914
31/12/2012,4.918
02/01/2013,4.9180
03/01/2013,4.927
05/01/2013,4.926
06/01/2013,4.926
07/01/2013,4.9310
08/01/2013,4.9310
09/01/2013,4.936
10/01/2013,4.939
11/01/2013,4.939
12/01/2013,4.942
13/01/2013,4.942
14/01/2013,4.942
15/01/2013,4.9510
16/01/2013,4.9490
17/01/2013,4.948
18/01/2013,4.951
19/01/2013,4.951
20/01/2013,4.951
21/01/2013,4.958
22/01/2013,4.958
23/01/2013,4.964
24/01/2013,4.964
25/01/2013,4.9650
26/01/2013,4.9650
27/01/2013,4.9650
28/01/2013,4.9650
29/01/2013,4.976
30/01/2013,4.976
31/01/2013,4.9780
01/02/2013,4.9780
02/02/2013,4.9850
03/02/2013,4.9850
04/02/2013,4.9850
05/02/2013,4.9840
06/02/2013,4.9870
07/02/2013,4.9870
08/02/2013,4.9960
09/02/2013,4.9960
10/02/2013,4.9960
13/02/2013,5.004
14/02/2013,5.004
15/02/2013,5.004
16/02/2013,5.011
17/02/2013,5.011
18/02/2013,5.011
19/02/2013,5.022
21/02/2013,5.029
22/02/2013,5.029
23/02/2013,5.03
24/02/2013,5.03
25/02/2013,5.034
26/02/2013,5.038
27/02/2013,5.04
28/02/2013,5.04
01/03/2013,5.049
02/03/2013,5.049
03/03/2013,5.049
04/03/2013,5.049
05/03/2013,5.054
06/03/2013,5.0610
07/03/2013,5.0630
08/03/2013,5.0630
09/03/2013,5.0650
10/03/2013,5.0650
11/03/2013,5.0750
12/03/2013,5.0750
13/03/2013,5.078
14/03/2013,5.085
15/03/2013,5.092
16/03/2013,5.092
17/03/2013,5.092
18/03/2013,5.096
19/03/2013,5.096
20/03/2013,5.096
21/03/2013,5.095
22/03/2013,5.1030
23/03/2013,5.11
24/03/2013,5.11
25/03/2013,5.116
26/03/2013,5.12
27/03/2013,5.12
28/03/2013,5.122
29/03/2013,5.122
30/03/2013,5.122
31/03/2013,5.122
03/04/2013,5.13
04/04/2013,5.134
05/04/2013,5.134
06/04/2013,5.134
07/04/2013,5.134
08/04/2013,5.134
09/04/2013,5.133
10/04/2013,5.14
11/04/2013,5.1430
12/04/2013,5.1490
13/04/2013,5.1490
14/04/2013,5.1490
15/04/2013,5.1490
16/04/2013,5.1550
17/04/2013,5.1560
18/04/2013,5.1590
19/04/2013,5.1640
20/04/2013,5.1640
21/04/2013,5.1640
22/04/2013,5.1670
23/04/2013,5.1670
24/04/2013,5.1750
25/04/2013,5.1750
26/04/2013,5.178
29/04/2013,5.18
30/04/2013,5.1870
03/05/2013,5.1990
06/05/2013,5.2080
07/05/2013,5.21
08/05/2013,5.214
09/05/2013,5.2210
10/05/2013,5.2290
13/05/2013,5.2350
14/05/2013,5.2350
15/05/2013,5.2330
16/05/2013,5.2330
17/05/2013,5.2360
20/05/2013,5.2450
21/05/2013,5.2480
22/05/2013,5.2550
23/05/2013,5.2630
24/05/2013,5.2660
27/05/2013,5.27
28/05/2013,5.27
29/05/2013,5.2760
30/05/2013,5.28
31/05/2013,5.2840
03/06/2013,5.2870
04/06/2013,5.2890
05/06/2013,5.2910
06/06/2013,5.3010
07/06/2013,5.30
10/06/2013,5.3050
11/06/2013,5.31
12/06/2013,5.3180
13/06/2013,5.3270
14/06/2013,5.33
17/06/2013,5.3370
18/06/2013,5.3410
19/06/2013,5.3490
24/06/2013,5.3620
25/06/2013,5.3620
26/06/2013,5.37
27/06/2013,5.3770
28/06/2013,5.3880
01/07/2013,5.39
02/07/2013,5.3940
03/07/2013,5.3980
04/07/2013,5.4030
05/07/2013,5.4040
08/07/2013,5.4080
10/07/2013,5.4130
11/07/2013,5.4190
12/07/2013,5.4260
15/07/2013,5.4290
16/07/2013,5.4350
17/07/2013,5.44
18/07/2013,5.45
19/07/2013,5.4620
22/07/2013,5.4610
23/07/2013,5.4620
24/07/2013,5.4640
25/07/2013,5.48
26/07/2013,5.481
29/07/2013,5.4950
30/07/2013,5.5010
31/07/2013,5.5050
01/08/2013,5.5110
02/08/2013,5.5150
05/08/2013,5.5210
06/08/2013,5.528
07/08/2013,5.53
08/08/2013,5.5280
09/08/2013,5.5420
12/08/2013,5.5520
13/08/2013,5.5620
14/08/2013,5.5680
15/08/2013,5.5790
16/08/2013,5.5910
20/08/2013,5.5950
21/08/2013,5.6030
22/08/2013,5.6140
23/08/2013,5.6240
26/08/2013,5.6320
27/08/2013,5.6430
28/08/2013,5.65
29/08/2013,5.6610
30/08/2013,5.6720
02/09/2013,5.6860
03/09/2013,5.69
04/09/2013,5.7020
05/09/2013,5.6990
06/09/2013,5.7010
09/09/2013,5.7040
10/09/2013,5.7120
11/09/2013,5.7210
12/09/2013,5.72
13/09/2013,5.7250
16/09/2013,5.7320
17/09/2013,5.7420
18/09/2013,5.7510
19/09/2013,5.7580
20/09/2013,5.7610
23/09/2013,5.7710
24/09/2013,5.7710
25/09/2013,5.7710
26/09/2013,5.7840
27/09/2013,5.79
30/09/2013,5.7930
01/10/2013,5.80
02/10/2013,5.8030
03/10/2013,5.8120
04/10/2013,5.8130
07/10/2013,5.8210
08/10/2013,5.8220
09/10/2013,5.8230
11/10/2013,5.8320
15/10/2013,5.8380
16/10/2013,5.8410
17/10/2013,5.8510
18/10/2013,5.8540
21/10/2013,5.8620
22/10/2013,5.8630
23/10/2013,5.8640
24/10/2013,5.87
25/10/2013,5.8860
28/10/2013,5.8920
29/10/2013,5.8940
30/10/2013,5.9070
31/10/2013,5.9120
01/11/2013,5.9310
04/11/2013,5.9430
05/11/2013,5.9550
07/11/2013,5.9440
08/11/2013,5.9640
11/11/2013,5.9730
12/11/2013,5.9760
13/11/2013,5.9770
14/11/2013,5.9890
15/11/2013,5.9950
18/11/2013,6.0040
19/11/2013,6.0390
20/11/2013,6.0460
21/11/2013,6.0590
22/11/2013,6.082
26/11/2013,6.095
27/11/2013,6.11
28/11/2013,6.1260
29/11/2013,6.1410
02/12/2013,6.1580
03/12/2013,6.1790
04/12/2013,6.1980
05/12/2013,6.2260
06/12/2013,6.2420
09/12/2013,6.2490
10/12/2013,6.264
11/12/2013,6.2770
12/12/2013,6.28
13/12/2013,6.289
16/12/2013,6.3150
17/12/2013,6.3320
18/12/2013,6.3780
19/12/2013,6.3970
20/12/2013,6.4240
23/12/2013,6.44
26/12/2013,6.4730
27/12/2013,6.4910
30/12/2013,6.5210
02/01/2014,6.5450
03/01/2014,6.5550
06/01/2014,6.5950
07/01/2014,6.5980
08/01/2014,6.6050
09/01/2014,6.6260
10/01/2014,6.6640
13/01/2014,6.6950
14/01/2014,6.71
15/01/2014,6.7550
16/01/2014,6.7740
17/01/2014,6.7970
20/01/2014,6.8250
21/01/2014,6.8850
22/01/2014,7.14
23/01/2014,7.75
24/01/2014,8.00
27/01/2014,8.01
28/01/2014,8.01
29/01/2014,8.0050
30/01/2014,8.0150
31/01/2014,8.01
03/02/2014,8.005
04/02/2014,8.006
05/02/2014,7.9000
06/02/2014,7.88
07/02/2014,7.84
10/02/2014,7.82
11/02/2014,7.81
12/02/2014,7.8050
13/02/2014,7.7920
14/02/2014,7.7610
17/02/2014,7.76
18/02/2014,7.7690
19/02/2014,7.7810
20/02/2014,7.8160
21/02/2014,7.845
24/02/2014,7.855
25/02/2014,7.869
26/02/2014,7.8810
27/02/2014,7.8770
28/02/2014,7.8740
05/03/2014,7.88
06/03/2014,7.8710
07/03/2014,7.8610
10/03/2014,7.8610
11/03/2014,7.87
12/03/2014,7.8770
13/03/2014,7.8890
14/03/2014,7.90
17/03/2014,7.92
18/03/2014,7.956
19/03/2014,7.953
20/03/2014,7.965
21/03/2014,7.9740
25/03/2014,8.0050
26/03/2014,8.0010
27/03/2014,8.00
28/03/2014,8.0030
31/03/2014,8.0020
01/04/2014,8.0020
03/04/2014,8.0000
04/04/2014,8.0000
07/04/2014,8.0010
08/04/2014,8.0010
09/04/2014,8.00
10/04/2014,8.00
11/04/2014,8.00
14/04/2014,8.001
15/04/2014,8.00
16/04/2014,8.001
21/04/2014,8.00
22/04/2014,8.001
23/04/2014,8.00
24/04/2014,8.0010
25/04/2014,8.00
28/04/2014,8.001
29/04/2014,8.002
30/04/2014,8.002
05/05/2014,8.001
06/05/2014,8.00
07/05/2014,8.001
08/05/2014,8.002
09/05/2014,8.005
12/05/2014,8.0110
13/05/2014,8.0210
14/05/2014,8.0360
15/05/2014,8.0540
16/05/2014,8.0540
19/05/2014,8.0570
20/05/2014,8.06
21/05/2014,8.062
22/05/2014,8.0630
23/05/2014,8.0640
26/05/2014,8.0660
27/05/2014,8.0710
28/05/2014,8.0740
29/05/2014,8.0750
30/05/2014,8.0800
02/06/2014,8.0850
03/06/2014,8.0950
04/06/2014,8.106
05/06/2014,8.13
06/06/2014,8.13
09/06/2014,8.13
10/06/2014,8.13
11/06/2014,8.129
12/06/2014,8.129
13/06/2014,8.13
16/06/2014,8.1290
17/06/2014,8.1290
18/06/2014,8.13
19/06/2014,8.13
23/06/2014,8.13
24/06/2014,8.13
25/06/2014,8.132
26/06/2014,8.132
27/06/2014,8.132
30/06/2014,8.1330
01/07/2014,8.1350
02/07/2014,8.1380
03/07/2014,8.1380
04/07/2014,8.1380
07/07/2014,8.14
08/07/2014,8.1430
10/07/2014,8.1460
11/07/2014,8.1510
14/07/2014,8.15
15/07/2014,8.15
16/07/2014,8.1540
17/07/2014,8.1560
18/07/2014,8.16
21/07/2014,8.16
22/07/2014,8.1660
23/07/2014,8.1690
24/07/2014,8.1750
25/07/2014,8.1780
28/07/2014,8.1840
29/07/2014,8.1920
30/07/2014,8.2010
31/07/2014,8.2130
01/08/2014,8.2360
04/08/2014,8.26
05/08/2014,8.2680
06/08/2014,8.2690
07/08/2014,8.2690
08/08/2014,8.2710
11/08/2014,8.27
12/08/2014,8.272
13/08/2014,8.273
14/08/2014,8.2770
15/08/2014,8.2810
19/08/2014,8.2860
20/08/2014,8.3230
21/08/2014,8.3950
22/08/2014,8.4050
25/08/2014,8.4050
26/08/2014,8.4060
27/08/2014,8.4010
28/08/2014,8.4050
29/08/2014,8.4010
01/09/2014,8.4070
02/09/2014,8.4110
03/09/2014,8.4110
04/09/2014,8.4010
05/09/2014,8.4150
08/09/2014,8.4010
09/09/2014,8.40
10/09/2014,8.40
11/09/2014,8.4010
12/09/2014,8.4020
15/09/2014,8.4020
16/09/2014,8.4030
17/09/2014,8.4170
18/09/2014,8.4170
19/09/2014,8.4220
22/09/2014,8.4270
23/09/2014,8.42
24/09/2014,8.42
25/09/2014,8.4240
26/09/2014,8.4490
29/09/2014,8.4710
30/09/2014,8.43
01/10/2014,8.45
02/10/2014,8.445
03/10/2014,8.45
06/10/2014,8.4550
07/10/2014,8.4550
08/10/2014,8.4650
09/10/2014,8.47
10/10/2014,8.4660
14/10/2014,8.4730
15/10/2014,8.4730
16/10/2014,8.4740
17/10/2014,8.4760
20/10/2014,8.4880
21/10/2014,8.4880
22/10/2014,8.4890
23/10/2014,8.4890
24/10/2014,8.4920
27/10/2014,8.500
28/10/2014,8.502
29/10/2014,8.501
30/10/2014,8.500
31/10/2014,8.500
03/11/2014,8.508
04/11/2014,8.507
05/11/2014,8.508
07/11/2014,8.510
10/11/2014,8.509
11/11/2014,8.510
12/11/2014,8.510
13/11/2014,8.510
14/11/2014,8.5110
17/11/2014,8.5120
18/11/2014,8.5120
19/11/2014,8.5140
20/11/2014,8.5140
21/11/2014,8.5160
25/11/2014,8.5230
26/11/2014,8.5230
27/11/2014,8.5260
28/11/2014,8.5240
01/12/2014,8.5320
02/12/2014,8.54
03/12/2014,8.5420
04/12/2014,8.5490
05/12/2014,8.5570
09/12/2014,8.5520
10/12/2014,8.5510
11/12/2014,8.5500
12/12/2014,8.5510
15/12/2014,8.5510
16/12/2014,8.5510
17/12/2014,8.5510
18/12/2014,8.55
19/12/2014,8.5510
22/12/2014,8.55
23/12/2014,8.55
24/12/2014,8.5530
29/12/2014,8.5520
30/12/2014,8.5510
02/01/2015,8.5550
05/01/2015,8.5610
06/01/2015,8.5720
07/01/2015,8.5850
08/01/2015,8.5950
09/01/2015,8.5910
12/01/2015,8.5910
13/01/2015,8.5930
14/01/2015,8.5950
15/01/2015,8.5970
16/01/2015,8.6010
19/01/2015,8.6050
20/01/2015,8.6110
21/01/2015,8.6160
22/01/2015,8.6210
23/01/2015,8.6250
26/01/2015,8.6250
27/01/2015,8.6290
28/01/2015,8.6310
29/01/2015,8.6340
30/01/2015,8.6440
02/02/2015,8.6560
03/02/2015,8.6610
04/02/2015,8.66
05/02/2015,8.66
06/02/2015,8.6590
09/02/2015,8.6660
10/02/2015,8.6720
11/02/2015,8.6780
12/02/2015,8.6810
13/02/2015,8.6850
18/02/2015,8.6900
19/02/2015,8.6970
20/02/2015,8.7030
23/02/2015,8.7100
24/02/2015,8.7180
25/02/2015,8.7220
26/02/2015,8.7210
27/02/2015,8.7260
02/03/2015,8.7330
03/03/2015,8.7390
04/03/2015,8.7440
05/03/2015,8.7500
06/03/2015,8.7580
09/03/2015,8.7640
10/03/2015,8.7700
11/03/2015,8.7770
12/03/2015,8.7800
13/03/2015,8.7830
16/03/2015,8.7830
17/03/2015,8.7870
18/03/2015,8.7910
19/03/2015,8.7940
20/03/2015,8.7990
25/03/2015,8.8010
26/03/2015,8.8060
27/03/2015,8.8100
30/03/2015,8.8160
31/03/2015,8.8220
01/04/2015,8.8270
06/04/2015,8.8310
07/04/2015,8.8360
08/04/2015,8.8410
09/04/2015,8.8450
10/04/2015,8.8500
13/04/2015,8.8560
14/04/2015,8.8580
15/04/2015,8.8660
16/04/2015,8.8660
17/04/2015,8.8670
20/04/2015,8.8710
21/04/2015,8.8740
22/04/2015,8.8790
23/04/2015,8.8850
24/04/2015,8.8900
27/04/2015,8.8950
28/04/2015,8.8970
29/04/2015,8.9020
30/04/2015,8.9070
04/05/2015,8.9120
05/05/2015,8.9170
06/05/2015,8.9220
07/05/2015,8.9240
08/05/2015,8.9280
11/05/2015,8.9330
12/05/2015,8.9360
13/05/2015,8.9400
14/05/2015,8.9440
15/05/2015,8.9470
18/05/2015,8.9530
19/05/2015,8.9580
20/05/2015,8.9620
21/05/2015,8.9680
22/05/2015,8.9710
26/05/2015,8.9780
27/05/2015,8.9830
28/05/2015,8.9860
29/05/2015,8.9920
01/06/2015,8.9960
02/06/2015,9.0010
03/06/2015,9.0070
04/06/2015,9.0100
05/06/2015,9.0140
08/06/2015,9.0180
09/06/2015,9.0230
10/06/2015,9.0290
11/06/2015,9.0320
12/06/2015,9.0370
15/06/2015,9.0410
16/06/2015,9.0440
17/06/2015,9.0500
18/06/2015,9.0520
19/06/2015,9.0560
22/06/2015,9.0610
23/06/2015,9.0650
24/06/2015,9.0690
25/06/2015,9.0730
26/06/2015,9.0780
29/06/2015,9.0830
30/06/2015,9.0880
01/07/2015,9.0930
02/07/2015,9.0970
03/07/2015,9.1040
06/07/2015,9.1080
07/07/2015,9.1140
08/07/2015,9.1180
10/07/2015,9.1240
13/07/2015,9.1280
14/07/2015,9.1320
15/07/2015,9.1370
16/07/2015,9.1420
17/07/2015,9.1460
20/07/2015,9.1510
21/07/2015,9.1560
22/07/2015,9.1610
23/07/2015,9.1650
24/07/2015,9.1680
27/07/2015,9.1730
28/07/2015,9.1780
29/07/2015,9.1820
30/07/2015,9.1870
31/07/2015,9.1900
03/08/2015,9.1950
04/08/2015,9.2000
05/08/2015,9.2050
06/08/2015,9.2090
07/08/2015,9.2140
10/08/2015,9.2200
11/08/2015,9.2270
12/08/2015,9.2310
13/08/2015,9.2370
14/08/2015,9.2400
18/08/2015,9.2450
19/08/2015,9.2510
20/08/2015,9.2550
21/08/2015,9.2600
24/08/2015,9.2670
25/08/2015,9.2720
26/08/2015,9.2790
27/08/2015,9.2840
28/08/2015,9.2900
31/08/2015,9.2960
01/09/2015,9.3040
02/09/2015,9.3100
03/09/2015,9.3170
04/09/2015,9.3220
07/09/2015,9.3400
08/09/2015,9.3370
09/09/2015,9.3440
10/09/2015,9.3500
11/09/2015,9.3540
14/09/2015,9.3590
15/09/2015,9.3650
16/09/2015,9.3710
17/09/2015,9.3770
18/09/2015,9.3820
21/09/2015,9.3870
22/09/2015,9.3910
23/09/2015,9.3980
24/09/2015,9.4040
25/09/2015,9.4070
28/09/2015,9.4100
29/09/2015,9.4160
30/09/2015,9.4220
01/10/2015,9.4300
02/10/2015,9.4380
05/10/2015,9.4440
06/10/2015,9.4510
07/10/2015,9.4560
08/10/2015,9.4600
09/10/2015,9.4650
13/10/2015,9.4740
14/10/2015,9.4790
15/10/2015,9.4840
16/10/2015,9.4900
19/10/2015,9.4980
20/10/2015,9.5040
21/10/2015,9.5110
22/10/2015,9.5140
23/10/2015,9.52
26/10/2015,9.5270
27/10/2015,9.5330
28/10/2015,9.5380
29/10/2015,9.5420
30/10/2015,9.5460
02/11/2015,9.5550
03/11/2015,9.5620
04/11/2015,9.5720
05/11/2015,9.5800
09/11/2015,9.5870
10/11/2015,9.5960
11/11/2015,9.6030
12/11/2015,9.6150
13/11/2015,9.6240
16/11/2015,9.6350
17/11/2015,9.6420
18/11/2015,9.6480
19/11/2015,9.6570
20/11/2015,9.6680
23/11/2015,9.6720
24/11/2015,9.6740
25/11/2015,9.6780
26/11/2015,9.6780
30/11/2015,9.6880
01/12/2015,9.6980
02/12/2015,9.7090
03/12/2015,9.7200
04/12/2015,9.7300
09/12/2015,9.7360
10/12/2015,9.7510
11/12/2015,9.7730
14/12/2015,9.7860
15/12/2015,9.8060
16/12/2015,9.8260
17/12/2015,13.950
18/12/2015,13.2500
21/12/2015,12.8600
22/12/2015,12.9800
23/12/2015,13.0200
24/12/2015,13.0800
28/12/2015,13.0000
29/12/2015,12.9630
30/12/2015,12.9840
31/12/2015,13.0400
04/01/2016,13.2000
05/01/2016,13.6500
06/01/2016,13.8900
07/01/2016,13.9000
08/01/2016,13.8800
09/01/2016,13.8800
10/01/2016,13.8800
11/01/2016,13.6500
12/01/2016,13.5500
13/01/2016,13.5400
14/01/2016,13.2500
15/01/2016,13.4000
16/01/2016,13.4000
17/01/2016,13.4000
18/01/2016,13.5600
19/01/2016,13.4300
20/01/2016,13.5000
21/01/2016,13.6000
22/01/2016,13.7300
23/01/2016,13.7300
24/01/2016,13.7300
25/01/2016,13.8100
26/01/2016,13.8500
27/01/2016,13.8800
28/01/2016,13.8400
29/01/2016,13.9600
30/01/2016,13.9600
31/01/2016,13.9600
01/02/2016,14.1300
02/02/2016,14.1350
03/02/2016,14.1600
04/02/2016,14.2300
05/02/2016,14.3610
06/02/2016,14.3610
07/02/2016,14.3610
08/02/2016,14.3610
09/02/2016,14.3610
10/02/2016,14.5000
11/02/2016,14.6400
12/02/2016,14.7300
13/02/2016,14.7300
14/02/2016,14.7300
15/02/2016,14.8000
16/02/2016,14.8380
17/02/2016,14.9900
18/02/2016,15.0600
19/02/2016,15.0600
20/02/2016,15.0600
21/02/2016,15.0600
22/02/2016,15.2500
23/02/2016,15.3000
24/02/2016,15.3500
25/02/2016,15.3900
26/02/2016,15.4700
27/02/2016,15.4700
28/02/2016,15.4700
29/02/2016,15.8000
01/03/2016,15.8000
02/03/2016,15.6600
03/03/2016,15.2000
04/03/2016,15.2000
05/03/2016,15.2000
06/03/2016,15.2000
07/03/2016,15.4050
08/03/2016,15.4490
09/03/2016,15.3700
10/03/2016,15.3400
11/03/2016,14.8500
12/03/2016,14.8500
13/03/2016,14.8500
14/03/2016,14.8000
15/03/2016,14.5200
16/03/2016,14.6100
17/03/2016,14.9500
18/03/2016,14.7600
19/03/2016,14.7600
20/03/2016,14.7600
21/03/2016,14.4700
22/03/2016,14.3900
23/03/2016,14.5000
24/03/2016,14.5000
25/03/2016,14.5000
26/03/2016,14.5000
27/03/2016,14.5000
28/03/2016,14.8300
29/03/2016,14.6300
30/03/2016,14.6000
31/03/2016,14.7000
01/04/2016,14.7900
02/04/2016,14.7900
03/04/2016,14.7900
04/04/2016,14.7300
05/04/2016,14.6800
06/04/2016,14.6000
07/04/2016,14.4700
08/04/2016,14.4800
09/04/2016,14.4800
10/04/2016,14.4800
11/04/2016,14.5200
12/04/2016,14.4550
13/04/2016,14.3950
14/04/2016,14.3300
15/04/2016,14.0500
16/04/2016,14.0500
17/04/2016,14.0500
18/04/2016,14.1400
19/04/2016,14.1900
20/04/2016,14.3400
21/04/2016,14.2700
22/04/2016,14.3000
23/04/2016,14.3000
24/04/2016,14.3000
25/04/2016,14.3300
26/04/2016,14.3100
27/04/2016,14.1900
28/04/2016,14.3000
29/04/2016,14.2500
30/04/2016,14.2500
01/05/2016,14.2500
02/05/2016,14.1900
03/05/2016,14.2000
04/05/2016,14.2400
05/05/2016,14.2400
06/05/2016,14.2100
07/05/2016,14.2100
08/05/2016,14.2100
09/05/2016,14.2350
10/05/2016,14.2340
11/05/2016,14.2100
12/05/2016,14.1700
13/05/2016,14.1500
14/05/2016,14.1500
15/05/2016,14.1500
16/05/2016,14.1370
17/05/2016,14.1400
18/05/2016,14.1350
19/05/2016,14.1000
20/05/2016,14.0350
21/05/2016,14.0350
22/05/2016,14.0350
23/05/2016,13.9900
24/05/2016,14.0500
25/05/2016,14.0500
26/05/2016,13.9950
27/05/2016,13.9200
28/05/2016,13.9200
29/05/2016,13.9200
30/05/2016,13.9900
31/05/2016,13.9910
01/06/2016,13.9500
02/06/2016,13.9000
03/06/2016,13.8510
04/06/2016,13.8510
05/06/2016,13.8510
06/06/2016,13.7700
07/06/2016,13.8400
08/06/2016,13.9000
09/06/2016,13.8200
10/06/2016,13.8000
11/06/2016,13.8000
12/06/2016,13.8000
13/06/2016,13.8000
14/06/2016,13.7500
15/06/2016,13.7450
16/06/2016,13.9200
17/06/2016,13.9200
18/06/2016,13.9200
19/06/2016,13.9200
20/06/2016,13.9200
21/06/2016,13.9700
22/06/2016,14.0700
23/06/2016,14.4500
24/06/2016,14.9300
25/06/2016,14.9300
26/06/2016,14.9300
27/06/2016,15.3000
28/06/2016,14.9000
29/06/2016,14.9800
30/06/2016,15.0400
01/07/2016,15.0000
02/07/2016,15.0000
03/07/2016,15.0000
04/07/2016,15.0600
05/07/2016,14.8000
06/07/2016,14.6950
07/07/2016,14.7250
08/07/2016,14.7250
09/07/2016,14.7250
10/07/2016,14.7250
11/07/2016,14.6400
12/07/2016,14.5600
13/07/2016,14.5700
14/07/2016,14.7400
15/07/2016,14.9500
16/07/2016,14.9500
17/07/2016,14.9500
18/07/2016,15.1500
19/07/2016,15.0000
20/07/2016,15.0700
21/07/2016,15.0000
22/07/2016,14.9100
23/07/2016,14.9100
24/07/2016,14.9100
25/07/2016,14.9500
26/07/2016,14.9500
27/07/2016,15.0000
28/07/2016,15.0400
29/07/2016,15.0100
30/07/2016,15.0100
31/07/2016,15.0100
01/08/2016,14.9300
02/08/2016,14.8500
03/08/2016,14.8700
04/08/2016,14.8500
05/08/2016,14.7900
06/08/2016,14.7900
07/08/2016,14.7900
08/08/2016,14.6700
09/08/2016,14.7700
10/08/2016,14.6700
11/08/2016,14.6600
12/08/2016,14.6700
13/08/2016,14.6700
14/08/2016,14.6700
15/08/2016,14.6700
16/08/2016,14.6700
17/08/2016,14.7800
18/08/2016,14.9400
19/08/2016,14.9180
20/08/2016,14.9180
21/08/2016,14.9180
22/08/2016,14.8100
23/08/2016,14.8400
24/08/2016,14.8600
25/08/2016,14.8900
26/08/2016,15.0000
27/08/2016,15.0000
28/08/2016,15.0000
29/08/2016,15.1000
30/08/2016,15.0100
31/08/2016,14.9300
01/09/2016,14.9000
02/09/2016,14.9900
03/09/2016,14.9900
04/09/2016,14.9900
05/09/2016,15.0200
06/09/2016,15.0200
07/09/2016,15.0500
08/09/2016,15.0700
09/09/2016,14.9800
10/09/2016,14.9800
11/09/2016,14.9800
12/09/2016,14.9500
13/09/2016,15.0000
14/09/2016,15.0300
15/09/2016,15.0700
16/09/2016,15.1300
17/09/2016,15.1300
18/09/2016,15.1300
19/09/2016,15.1500
20/09/2016,15.1400
21/09/2016,15.1400
22/09/2016,15.1640
23/09/2016,15.1660
24/09/2016,15.1660
25/09/2016,15.1660
26/09/2016,15.2400
27/09/2016,15.2800
28/09/2016,15.3900
29/09/2016,15.3750
30/09/2016,15.3100
01/10/2016,15.3100
02/10/2016,15.3100
03/10/2016,15.1950
04/10/2016,15.1700
05/10/2016,15.1900
06/10/2016,15.2100
07/10/2016,15.1850
08/10/2016,15.1850
09/10/2016,15.1850
10/10/2016,15.1850
11/10/2016,15.1700
12/10/2016,15.0700
13/10/2016,15.1320
14/10/2016,15.1750
15/10/2016,15.1750
16/10/2016,15.1750
17/10/2016,15.1980
18/10/2016,15.2080
19/10/2016,15.1950
20/10/2016,15.1550
21/10/2016,15.1350
22/10/2016,15.1350
23/10/2016,15.1350
24/10/2016,15.1460
25/10/2016,15.2300
26/10/2016,15.2050
27/10/2016,15.1740
28/10/2016,15.1900
29/10/2016,15.1900
30/10/2016,15.1900
31/10/2016,15.1500
01/11/2016,15.0750
02/11/2016,15.1100
03/11/2016,15.1000
04/11/2016,15.0600
05/11/2016,15.0600
06/11/2016,15.0600
07/11/2016,15.0500
08/11/2016,14.9300
09/11/2016,14.9200
10/11/2016,15.0300
11/11/2016,15.3700
12/11/2016,15.3700
13/11/2016,15.3700
14/11/2016,15.6500
15/11/2016,15.5000
16/11/2016,15.5000
17/11/2016,15.4800
18/11/2016,15.4700
19/11/2016,15.4700
20/11/2016,15.4700
21/11/2016,15.3850
22/11/2016,15.4500
23/11/2016,15.5400
24/11/2016,15.5400
25/11/2016,15.5450
26/11/2016,15.5450
27/11/2016,15.5450
28/11/2016,15.5450
29/11/2016,15.7000
30/11/2016,15.8680
01/12/2016,15.8400
02/12/2016,15.9400
03/12/2016,15.9400
04/12/2016,15.9400
05/12/2016,15.8710
06/12/2016,15.9200
07/12/2016,15.9900
08/12/2016,15.9900
09/12/2016,15.9900
10/12/2016,15.9900
11/12/2016,15.9900
12/12/2016,16.0300
13/12/2016,15.9660
14/12/2016,15.9700
15/12/2016,15.9600
16/12/2016,15.9000
17/12/2016,15.9000
18/12/2016,15.9000
19/12/2016,15.8400
20/12/2016,15.8600
21/12/2016,15.7900
22/12/2016,15.7300
23/12/2016,15.4970
24/12/2016,15.4970
25/12/2016,15.4970
26/12/2016,15.5400
27/12/2016,15.5500
28/12/2016,15.7500
29/12/2016,15.9280
30/12/2016,15.8900
31/12/2016,15.8900
01/01/2017,15.8900
02/01/2017,15.9200
03/01/2017,15.9450
04/01/2017,16.0800
05/01/2017,15.9600
06/01/2017,15.8100
07/01/2017,15.8100
08/01/2017,15.8100
09/01/2017,15.8850
10/01/2017,15.8500
11/01/2017,15.8500
12/01/2017,15.8100
13/01/2017,15.8530
14/01/2017,15.8530
15/01/2017,15.8530
16/01/2017,15.8800
17/01/2017,15.9090
18/01/2017,15.9750
19/01/2017,15.9000
20/01/2017,15.9150
21/01/2017,15.9150
22/01/2017,15.9150
23/01/2017,15.9400
24/01/2017,15.9300
25/01/2017,15.9550
26/01/2017,15.9200
27/01/2017,15.9000
28/01/2017,15.9000
29/01/2017,15.9000
30/01/2017,15.9200
31/01/2017,15.8970
01/02/2017,15.8000
02/02/2017,15.6800
03/02/2017,15.6200
04/02/2017,15.6200
05/02/2017,15.6200
06/02/2017,15.7800
07/02/2017,15.6750
08/02/2017,15.6750
09/02/2017,15.6100
10/02/2017,15.5400
11/02/2017,15.5400
12/02/2017,15.5400
13/02/2017,15.4850
14/02/2017,15.4700
15/02/2017,15.3600
16/02/2017,15.4350
17/02/2017,15.6800
18/02/2017,15.6800
19/02/2017,15.6800
20/02/2017,15.6850
21/02/2017,15.6100
22/02/2017,15.5650
23/02/2017,15.5000
24/02/2017,15.4800
25/02/2017,15.4800
26/02/2017,15.4800
27/02/2017,15.4800
28/02/2017,15.4800
01/03/2017,15.4200
02/03/2017,15.4000
03/03/2017,15.4500
04/03/2017,15.4500
05/03/2017,15.4500
06/03/2017,15.4800
07/03/2017,15.5500
08/03/2017,15.6450
09/03/2017,15.5300
10/03/2017,15.4800
11/03/2017,15.4800
12/03/2017,15.4800
13/03/2017,15.5400
14/03/2017,15.5350
15/03/2017,15.5700
16/03/2017,15.5300
17/03/2017,15.5600
18/03/2017,15.5600
19/03/2017,15.5600
20/03/2017,15.6300
21/03/2017,15.6000
22/03/2017,15.6350
23/03/2017,15.5900
24/03/2017,15.5900
25/03/2017,15.5900
26/03/2017,15.5900
27/03/2017,15.5650
28/03/2017,15.5380
29/03/2017,15.4300
30/03/2017,15.4100
31/03/2017,15.3900
01/04/2017,15.3900
02/04/2017,15.3900
03/04/2017,15.3950
04/04/2017,15.3500
05/04/2017,15.3620
06/04/2017,15.3900
07/04/2017,15.3450
08/04/2017,15.3450
09/04/2017,15.3450
10/04/2017,15.2100
11/04/2017,15.2650
12/04/2017,15.1900
13/04/2017,15.1900
14/04/2017,15.1900
15/04/2017,15.1900
16/04/2017,15.1900
17/04/2017,15.2000
18/04/2017,15.2990
19/04/2017,15.4000
20/04/2017,15.3890
21/04/2017,15.4900
22/04/2017,15.4900
23/04/2017,15.4900
24/04/2017,15.3900
25/04/2017,15.4200
26/04/2017,15.4900
27/04/2017,15.4200
28/04/2017,15.4000
29/04/2017,15.4000
30/04/2017,15.4000
01/05/2017,15.4000
02/05/2017,15.3000
03/05/2017,15.2900
04/05/2017,15.3100
05/05/2017,15.3700
06/05/2017,15.3700
07/05/2017,15.3700
08/05/2017,15.4700
09/05/2017,15.5250
10/05/2017,15.5100
11/05/2017,15.4350
12/05/2017,15.4400
13/05/2017,15.4400
14/05/2017,15.4400
15/05/2017,15.5300
16/05/2017,15.5800
17/05/2017,15.6100
18/05/2017,16.0000
19/05/2017,16.0500
20/05/2017,16.0500
21/05/2017,16.0500
22/05/2017,16.1850
23/05/2017,16.0900
24/05/2017,16.0900
25/05/2017,16.0900
26/05/2017,16.0100
27/05/2017,16.0100
28/05/2017,16.0100
29/05/2017,16.0300
30/05/2017,16.1500
31/05/2017,16.1000
01/06/2017,16.0600
02/06/2017,16.0000
03/06/2017,16.0000
04/06/2017,16.0000
05/06/2017,15.9950
06/06/2017,16.0100
07/06/2017,15.9900
08/06/2017,15.9000
09/06/2017,15.9200
10/06/2017,15.9200
11/06/2017,15.9200
12/06/2017,15.9250
13/06/2017,15.8900
14/06/2017,15.8780
15/06/2017,15.9800
16/06/2017,16.0400
17/06/2017,16.0400
18/06/2017,16.0400
19/06/2017,16.1500
20/06/2017,16.1500
21/06/2017,16.2200
22/06/2017,16.1450
23/06/2017,16.1750
24/06/2017,16.1750
25/06/2017,16.1750
26/06/2017,16.3200
27/06/2017,16.40
28/06/2017,16.4500
29/06/2017,16.5000
30/06/2017,16.6300
01/07/2017,16.6300
02/07/2017,16.6300
03/07/2017,16.8000
04/07/2017,16.9300
05/07/2017,17.14
06/07/2017,17.0800
07/07/2017,16.9800
08/07/2017,16.9800
09/07/2017,16.9800
10/07/2017,16.9950
11/07/2017,17.0000
12/07/2017,16.9490
13/07/2017,16.9500
14/07/2017,16.8500
15/07/2017,16.8500
16/07/2017,16.8500
17/07/2017,16.9300
18/07/2017,17.2000
19/07/2017,17.1500
20/07/2017,17.2000
21/07/2017,17.4200
22/07/2017,17.4200
23/07/2017,17.4200
24/07/2017,17.4300
25/07/2017,17.4800
26/07/2017,17.5000
27/07/2017,17.6400
28/07/2017,17.7900
29/07/2017,17.7900
30/07/2017,17.7900
31/07/2017,17.6400
01/08/2017,17.5840
02/08/2017,17.6000
03/08/2017,17.6700
04/08/2017,17.6700
05/08/2017,17.6700
06/08/2017,17.6700
07/08/2017,17.7000
08/08/2017,17.7230
09/08/2017,17.7000
10/08/2017,17.7100
11/08/2017,17.7100
12/08/2017,17.7100
13/08/2017,17.7100
14/08/2017,17.1300
15/08/2017,17.0700
16/08/2017,17.2100
17/08/2017,17.3600
18/08/2017,17.2700
19/08/2017,17.2700
20/08/2017,17.2700
21/08/2017,17.2700
22/08/2017,17.2100
23/08/2017,17.2300
24/08/2017,17.2100
25/08/2017,17.2200
26/08/2017,17.2200
27/08/2017,17.2200
28/08/2017,17.2300
29/08/2017,17.3950
30/08/2017,17.3900
31/08/2017,17.3100
01/09/2017,17.2000
02/09/2017,17.2000
03/09/2017,17.2000
04/09/2017,17.2300
05/09/2017,17.2400
06/09/2017,17.2150
07/09/2017,17.2000
08/09/2017,17.2000
09/09/2017,17.2000
10/09/2017,17.2000
11/09/2017,17.1500
12/09/2017,17.0700
13/09/2017,17.0700
14/09/2017,16.9900
15/09/2017,16.9750
16/09/2017,16.9750
17/09/2017,16.9750
18/09/2017,17.1150
19/09/2017,17.1400
20/09/2017,17.1900
21/09/2017,17.2700
22/09/2017,17.3100
23/09/2017,17.3100
24/09/2017,17.3100
25/09/2017,17.5100
26/09/2017,17.5800
27/09/2017,17.5600
28/09/2017,17.4900
29/09/2017,17.3100
30/09/2017,17.3100
01/10/2017,17.3100
02/10/2017,17.4150
03/10/2017,17.4150
04/10/2017,17.3570
05/10/2017,17.4050
06/10/2017,17.4450
07/10/2017,17.4450
08/10/2017,17.4450
09/10/2017,17.4600
10/10/2017,17.4250
11/10/2017,17.4180
12/10/2017,17.4150
13/10/2017,17.3440
14/10/2017,17.3440
15/10/2017,17.3440
16/10/2017,17.3440
17/10/2017,17.3350
18/10/2017,17.3500
19/10/2017,17.4500
20/10/2017,17.4200
21/10/2017,17.4200
22/10/2017,17.4200
23/10/2017,17.4150
24/10/2017,17.5000
25/10/2017,17.4900
26/10/2017,17.6600
27/10/2017,17.6250
28/10/2017,17.6250
29/10/2017,17.6250
30/10/2017,17.7000
31/10/2017,17.6550
01/11/2017,17.6100
02/11/2017,17.5200
03/11/2017,17.6400
04/11/2017,17.6400
05/11/2017,17.6400
06/11/2017,17.6400
07/11/2017,17.6500
08/11/2017,17.5200
09/11/2017,17.5150
10/11/2017,17.4950
11/11/2017,17.4950
12/11/2017,17.4950
13/11/2017,17.5000
14/11/2017,17.5000
15/11/2017,17.5000
16/11/2017,17.4840
17/11/2017,17.4850
18/11/2017,17.4850
19/11/2017,17.4850
20/11/2017,17.4850
21/11/2017,17.4900
22/11/2017,17.4300
23/11/2017,17.4200
24/11/2017,17.3500
25/11/2017,17.3500
26/11/2017,17.3500
27/11/2017,17.3200
28/11/2017,17.3650
29/11/2017,17.4250
30/11/2017,17.3050
01/12/2017,17.2300
02/12/2017,17.2300
03/12/2017,17.2300
04/12/2017,17.3550
05/12/2017,17.2900
06/12/2017,17.2550
07/12/2017,17.2800
08/12/2017,17.2800
09/12/2017,17.2800
10/12/2017,17.2800
11/12/2017,17.2400
12/12/2017,17.3500
13/12/2017,17.3100
14/12/2017,17.4500
15/12/2017,17.5150
16/12/2017,17.5150
17/12/2017,17.5150
18/12/2017,17.5700
19/12/2017,17.7000
20/12/2017,17.7600
21/12/2017,17.9550
22/12/2017,18.0700
23/12/2017,18.0700
24/12/2017,18.0700
25/12/2017,18.0700
26/12/2017,18.3350
27/12/2017,18.4360
28/12/2017,19.2000
29/12/2017,18.6490
30/12/2017,18.6490
31/12/2017,18.6490
01/01/2018,18.6490
02/01/2018,18.4100
03/01/2018,18.4450
04/01/2018,18.6300
05/01/2018,18.8600
06/01/2018,18.8600
07/01/2018,18.8600
08/01/2018,19.0300
09/01/2018,18.9300
10/01/2018,18.6200
11/01/2018,18.7100
12/01/2018,18.6900
13/01/2018,18.6900
14/01/2018,18.6900
15/01/2018,18.7700
16/01/2018,18.9000
17/01/2018,18.8500
18/01/2018,18.8700
19/01/2018,18.9950
20/01/2018,18.9950
21/01/2018,18.9950
22/01/2018,19.1460
23/01/2018,19.3350
24/01/2018,19.6500
25/01/2018,19.5600
26/01/2018,19.5700
27/01/2018,19.5700
28/01/2018,19.5700
29/01/2018,19.5800
30/01/2018,19.6350
31/01/2018,19.6500
01/02/2018,19.3800
02/02/2018,19.4950
03/02/2018,19.4950
04/02/2018,19.4950
05/02/2018,19.4800
06/02/2018,19.5600
07/02/2018,19.6950
08/02/2018,19.9700
09/02/2018,19.9800
10/02/2018,19.9800
11/02/2018,19.9800
12/02/2018,19.9800
13/02/2018,19.9800
14/02/2018,19.9000
15/02/2018,19.6600
16/02/2018,19.7600
17/02/2018,19.7600
18/02/2018,19.7600
19/02/2018,19.9000
20/02/2018,19.8500
21/02/2018,19.9250
22/02/2018,19.9500
23/02/2018,19.9800
24/02/2018,19.9800
25/02/2018,19.9800
26/02/2018,20.2000
27/02/2018,20.2000
28/02/2018,20.1100
01/03/2018,20.1510
02/03/2018,20.2700
03/03/2018,20.2700
04/03/2018,20.2700
05/03/2018,20.2100
06/03/2018,20.3400
07/03/2018,20.4100
08/03/2018,20.3600
09/03/2018,20.2500
10/03/2018,20.2500
11/03/2018,20.2500
12/03/2018,20.2000
13/03/2018,20.2200
14/03/2018,20.2300
15/03/2018,20.3450
16/03/2018,20.2000
17/03/2018,20.2000
18/03/2018,20.2000
19/03/2018,20.2000
20/03/2018,20.2650
21/03/2018,20.2700
22/03/2018,20.2250
23/03/2018,20.1900
24/03/2018,20.1900
25/03/2018,20.1900
26/03/2018,20.1900
27/03/2018,20.1680
28/03/2018,20.1490
29/03/2018,20.1490
30/03/2018,20.1490
31/03/2018,20.1490
01/04/2018,20.1490
02/04/2018,20.1490
03/04/2018,20.1800
04/04/2018,20.1800
05/04/2018,20.2000
06/04/2018,20.1800
07/04/2018,20.1800
08/04/2018,20.1800
09/04/2018,20.1900
10/04/2018,20.1600
11/04/2018,20.1680
12/04/2018,20.2100
13/04/2018,20.2200
14/04/2018,20.2200
15/04/2018,20.2200
16/04/2018,20.2200
17/04/2018,20.1800
18/04/2018,20.1350
19/04/2018,20.1600
20/04/2018,20.1900
21/04/2018,20.1900
22/04/2018,20.1900
23/04/2018,20.2600
24/04/2018,20.2600
25/04/2018,20.2520
26/04/2018,20.5500
27/04/2018,20.5400
28/04/2018,20.5400
29/04/2018,20.5400
30/04/2018,20.5400
01/05/2018,20.5400
02/05/2018,21.2000
03/05/2018,23.0000
04/05/2018,21.8000
05/05/2018,21.8000
06/05/2018,21.8000
07/05/2018,21.9600
08/05/2018,22.4000
09/05/2018,22.7200
10/05/2018,22.6900
11/05/2018,23.2600
12/05/2018,23.2600
13/05/2018,23.2600
14/05/2018,24.9900
15/05/2018,24.0500
16/05/2018,24.2900
17/05/2018,24.3200
18/05/2018,24.4300
19/05/2018,24.4300
20/05/2018,24.4300
21/05/2018,24.3890
22/05/2018,24.2800
23/05/2018,24.4750
24/05/2018,24.6000
25/05/2018,24.6000
26/05/2018,24.6000
27/05/2018,24.6000
28/05/2018,24.7100
29/05/2018,24.8400
30/05/2018,24.9300
31/05/2018,24.9600
01/06/2018,24.9750
02/06/2018,24.9750
03/06/2018,24.9750
04/06/2018,24.9700
05/06/2018,24.9600
